SAMPLE_NUMBER,LOGIN_DATE,ANALYSIS,ASSIGNED_OPERATOR,SAMPLING_POINT,REPORTED_NAME,REPORTED_UNITS,ENTRY
6319006,17/06/2014 20:15,DIET020393,JDSOUZA,SRM55M,Dietary Fibre (AOAC),PCT_M-M,14.89
6258659,28/05/2014 13:17,DIET020393,JDSOUZA,SRM55M,Dietary Fibre (AOAC),PCT_M-M,14.89
6250186,26/05/2014 9:34,DIET020393,LLE,SRM55M,Dietary Fibre (AOAC),PCT_M-M,14.34
6245806,23/05/2014 14:55,DIET020393,LGONG,SRM55M,Dietary Fibre (AOAC),PCT_M-M,14.47
6215289,14/05/2014 14:43,DIET020393,JDSOUZA,SRM55M,Dietary Fibre (AOAC),PCT_M-M,14.56
6111287,8/04/2014 13:46,DIET020393,JDSOUZA,SRM55M,Dietary Fibre (AOAC),PCT_M-M,15.29
6104486,5/04/2014 9:21,DIET020393,KLU,SRM55M,Dietary Fibre (AOAC),PCT_M-M,14.67
6085015,30/03/2014 10:28,DIET020393,FNUNES,SRM55M,Dietary Fibre (AOAC),PCT_M-M,14.53
6065296,24/03/2014 8:51,DIET020393,BTAN,SRM55M,Dietary Fibre (AOAC),PCT_M-M,14.856
6060330,21/03/2014 10:25,DIET020393,BBOYCE,SRM55M,Dietary Fibre (AOAC),PCT_M-M,13.69
6034779,13/03/2014 11:00,DIET020393,FNUNES,SRM55M,Dietary Fibre (AOAC),PCT_M-M,14.3
5992346,26/02/2014 15:11,DIET020393,LGONG,SRM55M,Dietary Fibre (AOAC),PCT_M-M,13.84
5949375,12/02/2014 14:39,DIET020393,LGONG,SRM55M,Dietary Fibre (AOAC),PCT_M-M,14.82
5924375,4/02/2014 14:21,DIET020393,LGONG,SRM55M,Dietary Fibre (AOAC),PCT_M-M,14.41
5856155,13/01/2014 11:14,DIET020393,BJLEE,SRM55M,Dietary Fibre (AOAC),PCT_M-M,14.58
5844374,8/01/2014 17:34,DIET020393,BBOYCE,SRM55M,Dietary Fibre (AOAC),PCT_M-M,13.8
6375543,7/07/2014 9:08,DIET020393,MDONAL,SRM55M,Dietary Fibre (AOAC),PCT_M-M,14.7
6371335,4/07/2014 12:51,DIET020393,JDSOUZA,SRM55M,Dietary Fibre (AOAC),PCT_M-M,12.9
6359267,1/07/2014 10:56,DIET020393,MDONAL,SRM55N,Dietary Fibre (AOAC),PCT_M-M,15.3
6244384,23/05/2014 10:51,DIET020393,KLU,SRM55M,Dietary Fibre (AOAC),PCT_M-M,12.14
6984415,13/01/2015 9:25,DIET020393,KLU,SRM55N,Dietary Fibre (AOAC),PCT_M-M,16.09
6364598,2/07/2014 15:08,DIET020393,JDSOUZA,SRM55N,Dietary Fibre (AOAC),PCT_M-M,13.46
6364597,2/07/2014 15:08,DIET020393,JDSOUZA,SRM55N,Dietary Fibre (AOAC),PCT_M-M,11.97
6361640,1/07/2014 19:24,DIET020393,BJLEE,SRM55N,Dietary Fibre (AOAC),PCT_M-M,18.2
6361639,1/07/2014 19:23,DIET020393,BTAN,SRM55N,Dietary Fibre (AOAC),PCT_M-M,15.69
6348722,26/06/2014 20:37,DIET020393,MHO,SRM55N,Dietary Fibre (AOAC),PCT_M-M,15.94
6415555,22/07/2014 8:46,DIET020393,MHO,SRM55N,Dietary Fibre (AOAC),PCT_M-M,14.72
6434775,28/07/2014 17:00,DIET020393,BBOYCE,SRM55N,Dietary Fibre (AOAC),PCT_M-M,15.54
6981671,12/01/2015 11:08,DIET020393,MHO,SRM55N,Dietary Fibre (AOAC),PCT_M-M,15.88
7037710,29/01/2015 13:56,DIET020393,JDSOUZA,SRM55N,Dietary Fibre (AOAC),PCT_M-M,16.56
7047420,2/02/2015 10:17,DIET020393,MHO,SRM55N,Dietary Fibre (AOAC),,
7047420,2/02/2015 10:17,DIET020393,MHO,SRM55N,Dietary Fibre - Soluble,,
7047420,2/02/2015 10:17,DIET020393,MHO,SRM55N,Dietary Fibre - Insoluble,,
7047420,2/02/2015 10:17,DIET020393,MHO,SRM55N,Dietary Fibre (AOAC),,
7047420,2/02/2015 10:17,DIET020393,MHO,SRM55N,Dietary Fibre - Soluble,,
7047420,2/02/2015 10:17,DIET020393,MHO,SRM55N,Dietary Fibre - Insoluble,,
7047420,2/02/2015 10:17,DIET020393,MHO,SRM55N,Dietary Fibre (AOAC),,
6563341,7/09/2014 8:59,DIET020393,HRAMADAN,SRM55N,Dietary Fibre (AOAC),PCT_M-M,15.71
6677153,10/10/2014 14:45,DIET020393,JDSOUZA,SRM55N,Dietary Fibre (AOAC),PCT_M-M,17.1
6822054,21/11/2014 13:27,DIET020393,JDSOUZA,SRM55N,Dietary Fibre (AOAC),PCT_M-M,16.27
6876570,7/12/2014 7:57,DIET020393,MDONAL,SRM55N,Dietary Fibre (AOAC),PCT_M-M,16.47
5831983,4/01/2014 7:57,DIET020393,HRAMADAN,SRM55M,Dietary Fibre (AOAC),PCT_M-M,13.67
5979621,21/02/2014 16:01,DIET020393,LGONG,SRM55M,Dietary Fibre (AOAC),PCT_M-M,14.15
6082271,28/03/2014 14:49,DIET020393,,SRM55L,Dietary Fibre - Insoluble,,
6082271,28/03/2014 14:49,DIET020393,,SRM55L,Dietary Fibre (AOAC),,
6105808,6/04/2014 10:25,DIET020393,FNUNES,SRM55M,Dietary Fibre (AOAC),PCT_M-M,14.7
6125255,12/04/2014 9:27,DIET020393,,SRM55M,Dietary Fibre (AOAC),,
6125255,12/04/2014 9:27,DIET020393,,SRM55M,Dietary Fibre - Soluble,,
6125255,12/04/2014 9:27,DIET020393,,SRM55M,Dietary Fibre - Insoluble,,
6125255,12/04/2014 9:27,DIET020393,,SRM55M,Dietary Fibre (AOAC),,
6125255,12/04/2014 9:27,DIET020393,,SRM55M,Dietary Fibre - Soluble,,
6125255,12/04/2014 9:27,DIET020393,,SRM55M,Dietary Fibre - Insoluble,,
6125255,12/04/2014 9:27,DIET020393,,SRM55M,Dietary Fibre (AOAC),,
6151370,23/04/2014 8:44,DIET020393,,SRM55M,Dietary Fibre (AOAC),,
6151370,23/04/2014 8:44,DIET020393,,SRM55M,Dietary Fibre - Soluble,,
6151370,23/04/2014 8:44,DIET020393,,SRM55M,Dietary Fibre - Insoluble,,
6151370,23/04/2014 8:44,DIET020393,,SRM55M,Dietary Fibre (AOAC),,
6151370,23/04/2014 8:44,DIET020393,,SRM55M,Dietary Fibre - Soluble,,
6151370,23/04/2014 8:44,DIET020393,,SRM55M,Dietary Fibre - Insoluble,,
6151370,23/04/2014 8:44,DIET020393,,SRM55M,Dietary Fibre (AOAC),,
6160217,26/04/2014 7:39,DIET020393,MDONAL,SRM55M,Dietary Fibre (AOAC),PCT_M-M,13.94
6163561,28/04/2014 11:56,DIET020393,BBOYCE,SRM55M,Dietary Fibre (AOAC),PCT_M-M,13.9
6191705,7/05/2014 10:05,DIET020393,,SRM55M,Dietary Fibre (AOAC),,
6191705,7/05/2014 10:05,DIET020393,,SRM55M,Dietary Fibre - Soluble,,
6191705,7/05/2014 10:05,DIET020393,,SRM55M,Dietary Fibre - Insoluble,,
6191705,7/05/2014 10:05,DIET020393,,SRM55M,Dietary Fibre (AOAC),,
6191705,7/05/2014 10:05,DIET020393,,SRM55M,Dietary Fibre - Soluble,,
6191705,7/05/2014 10:05,DIET020393,,SRM55M,Dietary Fibre - Insoluble,,
6191705,7/05/2014 10:05,DIET020393,,SRM55M,Dietary Fibre (AOAC),,
6235866,21/05/2014 11:00,DIET020393,LLE,SRM55M,Dietary Fibre (AOAC),PCT_M-M,14.29
6249034,25/05/2014 10:01,DIET020393,MDONAL,SRM55M,Dietary Fibre (AOAC),PCT_M-M,14.7
6279586,4/06/2014 11:32,DIET020393,,SRM55M,Dietary Fibre (AOAC),,
6279586,4/06/2014 11:32,DIET020393,,SRM55M,Dietary Fibre - Soluble,,
6279586,4/06/2014 11:32,DIET020393,,SRM55M,Dietary Fibre - Insoluble,,
6279586,4/06/2014 11:32,DIET020393,,SRM55M,Dietary Fibre (AOAC),,
6328243,20/06/2014 7:46,DIET020393,,SRM55M,Dietary Fibre (AOAC),,
6328243,20/06/2014 7:46,DIET020393,,SRM55M,Dietary Fibre - Soluble,,
6328243,20/06/2014 7:46,DIET020393,,SRM55M,Dietary Fibre - Insoluble,,
6328243,20/06/2014 7:46,DIET020393,,SRM55M,Dietary Fibre (AOAC),,
6328243,20/06/2014 7:46,DIET020393,,SRM55M,Dietary Fibre - Soluble,,
6328243,20/06/2014 7:46,DIET020393,,SRM55M,Dietary Fibre - Insoluble,,
6328243,20/06/2014 7:46,DIET020393,,SRM55M,Dietary Fibre (AOAC),,
6358359,1/07/2014 8:58,DIET020393,KLU,SRM55N,Dietary Fibre (AOAC),PCT_M-M,16.05
6375550,7/07/2014 9:09,DIET020393,MDONAL,SRM55N,Dietary Fibre (AOAC),PCT_M-M,15.7
6349135,27/06/2014 8:05,DIET020393,MDONAL,SRM55N,Dietary Fibre (AOAC),PCT_M-M,15.38
6405223,17/07/2014 14:03,DIET020393,BBOYCE,SRM55N,Dietary Fibre (AOAC),PCT_M-M,14.73
6303679,12/06/2014 14:15,DIET020393,JDSOUZA,SRM55M,Dietary Fibre (AOAC),PCT_M-M,14.62
6450745,2/08/2014 8:16,DIET020393,MDONAL,SRM55N,Dietary Fibre (AOAC),PCT_M-M,15.44
6199927,9/05/2014 10:24,DIET020393,BTAN,SRM55M,Dietary Fibre (AOAC),PCT_M-M,13.34
6091731,1/04/2014 15:32,DIET020393,,SRM55M,Dietary Fibre (AOAC),,
6091731,1/04/2014 15:32,DIET020393,,SRM55M,Dietary Fibre - Insoluble,,
6091731,1/04/2014 15:32,DIET020393,,SRM55M,Dietary Fibre - Soluble,,
6091731,1/04/2014 15:32,DIET020393,,SRM55M,Dietary Fibre (AOAC),,
6091731,1/04/2014 15:32,DIET020393,,SRM55M,Dietary Fibre - Insoluble,,
6091731,1/04/2014 15:32,DIET020393,,SRM55M,Dietary Fibre - Soluble,,
6091731,1/04/2014 15:32,DIET020393,,SRM55M,Dietary Fibre (AOAC),,
6082271,28/03/2014 14:49,DIET020393,,SRM55L,Dietary Fibre - Soluble,,
6082271,28/03/2014 14:49,DIET020393,,SRM55L,Dietary Fibre (AOAC),,
6082271,28/03/2014 14:49,DIET020393,,SRM55L,Dietary Fibre - Insoluble,,
6082271,28/03/2014 14:49,DIET020393,,SRM55L,Dietary Fibre - Soluble,,
6082271,28/03/2014 14:49,DIET020393,,SRM55L,Dietary Fibre (AOAC),,
5848940,10/01/2014 8:34,DIET020393,HRAMADAN,SRM55M,Dietary Fibre (AOAC),PCT_M-M,14.51
6395470,14/07/2014 14:39,DIET020393,JDSOUZA,SRM55N,Dietary Fibre (AOAC),PCT_M-M,15.44
6437184,29/07/2014 11:41,DIET020393,LLE,SRM55N,Dietary Fibre (AOAC),PCT_M-M,15.08
6343662,25/06/2014 13:23,DIET020393,JDSOUZA,SRM55M,Dietary Fibre (AOAC),PCT_M-M,13.68
6279586,4/06/2014 11:32,DIET020393,,SRM55M,Dietary Fibre (AOAC),,
6279586,4/06/2014 11:32,DIET020393,,SRM55M,Dietary Fibre - Insoluble,,
6279586,4/06/2014 11:32,DIET020393,,SRM55M,Dietary Fibre - Soluble,,
6212502,14/05/2014 7:52,DIET020393,BTAN,SRM55M,Dietary Fibre (AOAC),PCT_M-M,14.25
6612121,22/09/2014 13:35,DIET020393,BBOYCE,SRM55N,Dietary Fibre (AOAC),PCT_M-M,15.99
6174364,1/05/2014 10:03,DIET020393,HRAMADAN,SRM55M,Dietary Fibre (AOAC),PCT_M-M,14.14
6137732,16/04/2014 15:59,DIET020393,JDSOUZA,SRM55M,Dietary Fibre (AOAC),PCT_M-M,14.54
6618716,24/09/2014 10:39,DIET020393,BTAN,SRM55N,Dietary Fibre (AOAC),PCT_M-M,15.85
5932193,6/02/2014 15:17,DIET020393,LGONG,SRM55M,Dietary Fibre (AOAC),PCT_M-M,14.96
6835108,25/11/2014 20:48,DIET020393,,SRM55N,Dietary Fibre - Soluble,,
6835108,25/11/2014 20:48,DIET020393,,SRM55N,Dietary Fibre - Insoluble,,
6835108,25/11/2014 20:48,DIET020393,,SRM55N,Dietary Fibre (AOAC),,
6506167,20/08/2014 14:41,DIET020393,JDSOUZA,SRM55N,Dietary Fibre (AOAC),PCT_M-M,15.75
6708585,20/10/2014 14:42,DIET020393,,SRM55N,Dietary Fibre (AOAC),,
6708585,20/10/2014 14:42,DIET020393,,SRM55N,Dietary Fibre - Soluble,,
6708585,20/10/2014 14:42,DIET020393,,SRM55N,Dietary Fibre - Insoluble,,
6708585,20/10/2014 14:42,DIET020393,,SRM55N,Dietary Fibre (AOAC),,
6330815,20/06/2014 14:37,DIET020393,,SRM55M,Dietary Fibre (AOAC),,
6330815,20/06/2014 14:37,DIET020393,,SRM55M,Dietary Fibre - Insoluble,,
6330815,20/06/2014 14:37,DIET020393,,SRM55M,Dietary Fibre - Soluble,,
6330815,20/06/2014 14:37,DIET020393,,SRM55M,Dietary Fibre (AOAC),,
6330815,20/06/2014 14:37,DIET020393,,SRM55M,Dietary Fibre - Insoluble,,
6330815,20/06/2014 14:37,DIET020393,,SRM55M,Dietary Fibre - Soluble,,
6330815,20/06/2014 14:37,DIET020393,,SRM55M,Dietary Fibre (AOAC),,
6308402,13/06/2014 16:06,DIET020393,,SRM55M,Dietary Fibre (AOAC),,
6290003,7/06/2014 8:55,DIET020393,HRAMADAN,SRM55M,Dietary Fibre (AOAC),PCT_M-M,14.27
6162687,28/04/2014 8:32,DIET020393,,SRM55M,Dietary Fibre (AOAC),,
6162687,28/04/2014 8:32,DIET020393,,SRM55M,Dietary Fibre - Insoluble,,
6162687,28/04/2014 8:32,DIET020393,,SRM55M,Dietary Fibre - Soluble,,
6162687,28/04/2014 8:32,DIET020393,,SRM55M,Dietary Fibre (AOAC),,
6162687,28/04/2014 8:32,DIET020393,,SRM55M,Dietary Fibre - Insoluble,,
6162687,28/04/2014 8:32,DIET020393,,SRM55M,Dietary Fibre - Soluble,,
6162687,28/04/2014 8:32,DIET020393,,SRM55M,Dietary Fibre (AOAC),,
6125234,12/04/2014 9:18,DIET020393,MDONAL,SRM55M,Dietary Fibre (AOAC),PCT_M-M,15.11
5939243,10/02/2014 6:30,DIET020393,MDONAL,SRM55M,Dietary Fibre (AOAC),PCT_M-M,14.85
5908957,30/01/2014 10:33,DIET020393,BJLEE,SRM55M,Dietary Fibre (AOAC),PCT_M-M,14
6340305,24/06/2014 15:15,DIET020393,,SRM55M,Dietary Fibre (AOAC),,
6340305,24/06/2014 15:15,DIET020393,,SRM55M,Dietary Fibre - Soluble,,
6340305,24/06/2014 15:15,DIET020393,,SRM55M,Dietary Fibre - Insoluble,,
6340305,24/06/2014 15:15,DIET020393,,SRM55M,Dietary Fibre (AOAC),,
6340305,24/06/2014 15:15,DIET020393,,SRM55M,Dietary Fibre - Soluble,,
6340305,24/06/2014 15:15,DIET020393,,SRM55M,Dietary Fibre - Insoluble,,
6340305,24/06/2014 15:15,DIET020393,,SRM55M,Dietary Fibre (AOAC),,
6308402,13/06/2014 16:06,DIET020393,,SRM55M,Dietary Fibre (AOAC),,
6308402,13/06/2014 16:06,DIET020393,,SRM55M,Dietary Fibre - Insoluble,,
6308402,13/06/2014 16:06,DIET020393,,SRM55M,Dietary Fibre - Soluble,,
6308402,13/06/2014 16:06,DIET020393,,SRM55M,Dietary Fibre (AOAC),,
6308402,13/06/2014 16:06,DIET020393,,SRM55M,Dietary Fibre - Insoluble,,
6308402,13/06/2014 16:06,DIET020393,,SRM55M,Dietary Fibre - Soluble,,
6354330,29/06/2014 8:44,DIET020393,HRAMADAN,SRM55M,Dietary Fibre (AOAC),PCT_M-M,14.03
6508718,21/08/2014 10:43,DIET020393,,SRM55N,Dietary Fibre - Soluble,,
6508718,21/08/2014 10:43,DIET020393,,SRM55N,Dietary Fibre - Insoluble,,
6984424,13/01/2015 9:27,DIET020393,,SRM55N,Dietary Fibre (AOAC) [m/m],,
6984424,13/01/2015 9:27,DIET020393,,SRM55N,Dietary Fibre - Soluble [m/m],,
6984424,13/01/2015 9:27,DIET020393,,SRM55N,Dietary Fibre - Insoluble [m/m],,
6984424,13/01/2015 9:27,DIET020393,,SRM55N,Dietary Fibre (AOAC) [m/v],,
6984424,13/01/2015 9:27,DIET020393,,SRM55N,Dietary Fibre - Soluble [m/v],,
6984424,13/01/2015 9:27,DIET020393,,SRM55N,Dietary Fibre - Insoluble [m/v],,
6984424,13/01/2015 9:27,DIET020393,,SRM55N,Dietary Fibre (AOAC) [m/serve],,
6508718,21/08/2014 10:43,DIET020393,,SRM55N,Dietary Fibre (AOAC),,
6508718,21/08/2014 10:43,DIET020393,,SRM55N,Dietary Fibre - Soluble,,
6508718,21/08/2014 10:43,DIET020393,,SRM55N,Dietary Fibre - Insoluble,,
6508718,21/08/2014 10:43,DIET020393,,SRM55N,Dietary Fibre (AOAC),,
6517693,24/08/2014 8:04,DIET020393,HRAMADAN,SRM55N,Dietary Fibre (AOAC),PCT_M-M,15.85
6559556,5/09/2014 12:43,DIET020393,HRAMADAN,SRM55N,Dietary Fibre (AOAC),PCT_M-M,16.22
6401958,16/07/2014 13:29,DIET020393,JDSOUZA,SRM55N,Dietary Fibre (AOAC),PCT_M-M,14.72
6412003,20/07/2014 9:18,DIET020393,HRAMADAN,SRM55N,Dietary Fibre (AOAC),PCT_M-M,15.32
6453015,4/08/2014 8:31,DIET020393,,SRM55N,Dietary Fibre (AOAC),,
6453015,4/08/2014 8:31,DIET020393,,SRM55N,Dietary Fibre - Soluble,,
6453015,4/08/2014 8:31,DIET020393,,SRM55N,Dietary Fibre - Insoluble,,
6453015,4/08/2014 8:31,DIET020393,,SRM55N,Dietary Fibre (AOAC),,
6453015,4/08/2014 8:31,DIET020393,,SRM55N,Dietary Fibre - Soluble,,
6453015,4/08/2014 8:31,DIET020393,,SRM55N,Dietary Fibre - Insoluble,,
6453015,4/08/2014 8:31,DIET020393,,SRM55N,Dietary Fibre (AOAC),,
6508718,21/08/2014 10:43,DIET020393,,SRM55N,Dietary Fibre (AOAC),,
6931980,22/12/2014 19:32,DIET020393,LGONG,SRM55N,Dietary Fibre (AOAC),PCT_M-M,16.27
6701748,17/10/2014 19:39,DIET020393,LGONG,SRM55N,Dietary Fibre (AOAC),PCT_M-M,15.63
6730241,26/10/2014 7:28,DIET020393,MDONAL,SRM55N,Dietary Fibre (AOAC),PCT_M-M,15.23
6824533,22/11/2014 10:03,DIET020393,HRAMADAN,SRM55N,Dietary Fibre (AOAC),PCT_M-M,17.01
6845159,28/11/2014 8:39,DIET020393,HRAMADAN,SRM55N,Dietary Fibre (AOAC),PCT_M-M,15.47
6853462,1/12/2014 11:08,DIET020393,MHO,SRM55N,Dietary Fibre (AOAC),PCT_M-M,16.74
6875039,6/12/2014 9:05,DIET020393,HRAMADAN,SRM55N,Dietary Fibre (AOAC),PCT_M-M,14.99
6443842,31/07/2014 9:07,DIET020393,HRAMADAN,SRM55N,Dietary Fibre (AOAC),PCT_M-M,15.54
5938351,9/02/2014 7:58,DIET020393,FNUNES,SRM55M,Dietary Fibre (AOAC),PCT_M-M,14.4
6149963,22/04/2014 14:23,DIET020393,JDSOUZA,SRM55M,Dietary Fibre (AOAC),PCT_M-M,14.15
6161545,27/04/2014 8:10,DIET020393,FNUNES,SRM55M,Dietary Fibre (AOAC),PCT_M-M,14.25
6251886,26/05/2014 15:49,DIET020393,JDSOUZA,SRM55M,Dietary Fibre (AOAC),PCT_M-M,14.46
6261346,29/05/2014 10:25,DIET020393,BTAN,SRM55M,Dietary Fibre (AOAC),PCT_M-M,14.65
6247706,24/05/2014 10:05,DIET020393,HRAMADAN,SRM55M,Dietary Fibre (AOAC),PCT_M-M,14.4
6076613,27/03/2014 10:11,DIET020393,BJLEE,SRM55M,Dietary Fibre (AOAC),PCT_M-M,14.32
5923611,4/02/2014 11:28,DIET020393,FNUNES,SRM55M,Dietary Fibre (AOAC),PCT_M-M,14.78
6358360,1/07/2014 9:00,DIET020393,,SRM55M,Dietary Fibre (AOAC),,
6330809,20/06/2014 14:36,DIET020393,MHO,SRM55M,Dietary Fibre (AOAC),PCT_M-M,13.92
6322564,18/06/2014 15:51,DIET020393,BTAN,SRM55M,Dietary Fibre (AOAC),PCT_M-M,13.56
6268991,31/05/2014 9:13,DIET020393,,SRM55M,Dietary Fibre (AOAC),,
6268991,31/05/2014 9:13,DIET020393,,SRM55M,Dietary Fibre - Insoluble,,
6268991,31/05/2014 9:13,DIET020393,,SRM55M,Dietary Fibre - Soluble,,
6268991,31/05/2014 9:13,DIET020393,,SRM55M,Dietary Fibre (AOAC),,
6268991,31/05/2014 9:13,DIET020393,,SRM55M,Dietary Fibre - Insoluble,,
6268991,31/05/2014 9:13,DIET020393,,SRM55M,Dietary Fibre - Soluble,,
6268991,31/05/2014 9:13,DIET020393,,SRM55M,Dietary Fibre (AOAC),,
6358360,1/07/2014 9:00,DIET020393,,SRM55M,Dietary Fibre - Soluble,,
6358360,1/07/2014 9:00,DIET020393,,SRM55M,Dietary Fibre - Insoluble,,
6127092,13/04/2014 10:47,DIET020393,FNUNES,SRM55M,Dietary Fibre (AOAC),PCT_M-M,14.34
6358360,1/07/2014 9:00,DIET020393,,SRM55M,Dietary Fibre (AOAC),,
6038452,14/03/2014 10:18,DIET020393,LGONG,SRM55M,Dietary Fibre (AOAC),PCT_M-M,14.5
6000112,28/02/2014 14:49,DIET020393,LGONG,SRM55M,Dietary Fibre (AOAC),PCT_M-M,14.5
5996554,27/02/2014 15:58,DIET020393,JDSOUZA,SRM55M,Dietary Fibre (AOAC),PCT_M-M,14.12
5961758,17/02/2014 10:24,DIET020393,BJLEE,SRM55M,Dietary Fibre (AOAC),PCT_M-M,14.87
5958028,14/02/2014 16:11,DIET020393,LGONG,SRM55M,Dietary Fibre (AOAC),PCT_M-M,14.8
6382210,9/07/2014 10:24,DIET020393,KLU,SRM55N,Dietary Fibre (AOAC),PCT_M-M,15.68
5917788,2/02/2014 7:58,DIET020393,FNUNES,SRM55M,Dietary Fibre (AOAC),PCT_M-M,13.96
5887479,22/01/2014 15:13,DIET020393,MBUDIANTO,SRM55M,Dietary Fibre (AOAC),PCT_M-M,14.66
6447229,1/08/2014 8:28,DIET020393,KLU,SRM55N,Dietary Fibre (AOAC),PCT_M-M,15.26
6358360,1/07/2014 9:00,DIET020393,,SRM55M,Dietary Fibre - Insoluble,,
6358360,1/07/2014 9:00,DIET020393,,SRM55M,Dietary Fibre - Soluble,,
6358360,1/07/2014 9:00,DIET020393,,SRM55M,Dietary Fibre (AOAC),,
6451859,3/08/2014 8:49,DIET020393,HRAMADAN,SRM55N,Dietary Fibre (AOAC),PCT_M-M,15.7
6569365,9/09/2014 11:30,DIET020393,BJLEE,SRM55N,Dietary Fibre (AOAC),PCT_M-M,16.09
6580854,12/09/2014 10:35,DIET020393,LLE,SRM55N,Dietary Fibre (AOAC),PCT_M-M,15.53
6623009,25/09/2014 11:00,DIET020393,LLE,SRM55N,Dietary Fibre (AOAC),PCT_M-M,15.17
6652925,3/10/2014 13:32,DIET020393,JDSOUZA,SRM55N,Dietary Fibre (AOAC),PCT_M-M,16.06
6696845,16/10/2014 14:52,DIET020393,MHO,SRM55N,Dietary Fibre (AOAC),PCT_M-M,15.98
6734592,27/10/2014 16:09,DIET020393,JDSOUZA,SRM55N,Dietary Fibre (AOAC),PCT_M-M,16.49
6806599,18/11/2014 9:30,DIET020393,MHO,SRM55N,Dietary Fibre (AOAC),PCT_M-M,15.77
6914759,17/12/2014 15:55,DIET020393,JDSOUZA,SRM55N,Dietary Fibre (AOAC),PCT_M-M,15.81
6946340,29/12/2014 15:22,DIET020393,BJLEE,SRM55N,Dietary Fibre (AOAC),PCT_M-M,16.25
6986430,13/01/2015 13:57,DIET020393,BTAN,SRM55N,Dietary Fibre (AOAC),PCT_M-M,16.28
6996526,16/01/2015 8:50,DIET020393,KLU,SRM55N,Dietary Fibre (AOAC),PCT_M-M,16.68
7007608,20/01/2015 10:35,DIET020393,MHO,SRM55N,Dietary Fibre (AOAC),PCT_M-M,16.76
6324894,19/06/2014 10:47,DIET020393,KLU,SRM55M,Dietary Fibre - Insoluble,,
6324894,19/06/2014 10:47,DIET020393,KLU,SRM55M,Dietary Fibre (AOAC),,
6324894,19/06/2014 10:47,DIET020393,KLU,SRM55M,Dietary Fibre - Soluble,,
6324894,19/06/2014 10:47,DIET020393,KLU,SRM55M,Dietary Fibre - Insoluble,,
6324894,19/06/2014 10:47,DIET020393,KLU,SRM55M,Dietary Fibre (AOAC),,
6324894,19/06/2014 10:47,DIET020393,KLU,SRM55M,Dietary Fibre - Soluble,,
6332616,21/06/2014 10:14,DIET020393,HRAMADAN,SRM55M,Dietary Fibre (AOAC),PCT_M-M,13.68
6324894,19/06/2014 10:47,DIET020393,KLU,SRM55M,Dietary Fibre (AOAC),,
6314657,16/06/2014 19:39,DIET020393,,SRM55M,Dietary Fibre (AOAC),,
6314657,16/06/2014 19:39,DIET020393,,SRM55M,Dietary Fibre - Insoluble,,
6314657,16/06/2014 19:39,DIET020393,,SRM55M,Dietary Fibre - Soluble,,
6314657,16/06/2014 19:39,DIET020393,,SRM55M,Dietary Fibre (AOAC),,
6314657,16/06/2014 19:39,DIET020393,,SRM55M,Dietary Fibre - Insoluble,,
6314657,16/06/2014 19:39,DIET020393,,SRM55M,Dietary Fibre - Soluble,,
6314657,16/06/2014 19:39,DIET020393,,SRM55M,Dietary Fibre (AOAC),,
6310845,15/06/2014 9:03,DIET020393,HRAMADAN,SRM55M,Dietary Fibre (AOAC),PCT_M-M,15.1
6278400,4/06/2014 8:02,DIET020393,BTAN,SRM55M,Dietary Fibre (AOAC),PCT_M-M,14.13
6261777,29/05/2014 11:12,DIET020393,BJLEE,SRM55M,Dietary Fibre (AOAC),PCT_M-M,13.78
6190360,6/05/2014 20:22,DIET020393,JDSOUZA,SRM55M,Dietary Fibre (AOAC),PCT_M-M,13.86
6184476,5/05/2014 10:56,DIET020393,LLE,SRM55M,Dietary Fibre (AOAC),PCT_M-M,14.55
6125044,12/04/2014 8:34,DIET020393,KLU,SRM55M,Dietary Fibre (AOAC),PCT_M-M,13.31
6074810,26/03/2014 15:37,DIET020393,JDSOUZA,SRM55M,Dietary Fibre (AOAC),PCT_M-M,15
6069394,25/03/2014 11:29,DIET020393,FNUNES,SRM55M,Dietary Fibre (AOAC),PCT_M-M,15.03
6005175,3/03/2014 12:15,DIET020393,BJLEE,SRM55M,Dietary Fibre (AOAC),PCT_M-M,15.07
6002703,2/03/2014 8:10,DIET020393,FNUNES,SRM55M,Dietary Fibre (AOAC),PCT_M-M,13.94
5895284,24/01/2014 14:17,DIET020393,JDSOUZA,SRM55M,Dietary Fibre (AOAC),PCT_M-M,13.67
6328229,20/06/2014 7:44,DIET020393,MDONAL,SRM55M,Dietary Fibre (AOAC),PCT_M-M,13.64
6354331,29/06/2014 8:45,DIET020393,HRAMADAN,SRM55N,Dietary Fibre (AOAC),PCT_M-M,14.44
6228991,19/05/2014 12:57,DIET020393,JDSOUZA,SRM55M,Dietary Fibre (AOAC),PCT_M-M,14.02
6196065,8/05/2014 10:29,DIET020393,HRAMADAN,SRM55M,Dietary Fibre (AOAC),PCT_M-M,15.07
6160310,26/04/2014 8:28,DIET020393,HRAMADAN,SRM55M,Dietary Fibre (AOAC),PCT_M-M,14.95
6086531,31/03/2014 10:14,DIET020393,MDONAL,SRM55M,Dietary Fibre (AOAC),PCT_M-M,14.73
6348719,26/06/2014 20:30,DIET020393,MHO,SRM55N,Dietary Fibre (AOAC),PCT_M-M,14.72
6350298,27/06/2014 11:22,DIET020393,HRAMADAN,SRM55N,Dietary Fibre (AOAC),PCT_M-M,15.7
6361628,1/07/2014 19:15,DIET020393,JDSOUZA,SRM55N,Dietary Fibre (AOAC),PCT_M-M,15.03
6388495,11/07/2014 7:09,DIET020393,,SRM55N,Dietary Fibre (AOAC),,
6388495,11/07/2014 7:09,DIET020393,,SRM55N,Dietary Fibre - Soluble,,
6388495,11/07/2014 7:09,DIET020393,,SRM55N,Dietary Fibre - Insoluble,,
6388495,11/07/2014 7:09,DIET020393,,SRM55N,Dietary Fibre (AOAC),,
6388495,11/07/2014 7:09,DIET020393,,SRM55N,Dietary Fibre - Soluble,,
6388495,11/07/2014 7:09,DIET020393,,SRM55N,Dietary Fibre - Insoluble,,
6388495,11/07/2014 7:09,DIET020393,,SRM55N,Dietary Fibre (AOAC),,
6408688,18/07/2014 13:48,DIET020393,JDSOUZA,SRM55N,Dietary Fibre (AOAC),PCT_M-M,14.92
6422889,24/07/2014 9:18,DIET020393,MHO,SRM55N,Dietary Fibre (AOAC),PCT_M-M,15.49
6474404,11/08/2014 11:25,DIET020393,BJLEE,SRM55N,Dietary Fibre (AOAC),PCT_M-M,15.88
6484457,14/08/2014 9:14,DIET020393,HRAMADAN,SRM55N,Dietary Fibre (AOAC),PCT_M-M,15.81
6548238,2/09/2014 14:52,DIET020393,JDSOUZA,SRM55N,Dietary Fibre (AOAC),PCT_M-M,15.6
6822083,21/11/2014 13:31,DIET020393,,SRM55N,Dietary Fibre - Soluble,,
6822083,21/11/2014 13:31,DIET020393,,SRM55N,Dietary Fibre - Insoluble,,
7008064,20/01/2015 11:31,DIET020393,,SRM55N,Dietary Fibre (AOAC),,
7008064,20/01/2015 11:31,DIET020393,,SRM55N,Dietary Fibre - Soluble,,
7008064,20/01/2015 11:31,DIET020393,,SRM55N,Dietary Fibre - Insoluble,,
6822083,21/11/2014 13:31,DIET020393,,SRM55N,Dietary Fibre (AOAC),,
6822083,21/11/2014 13:31,DIET020393,,SRM55N,Dietary Fibre - Soluble,,
7008064,20/01/2015 11:31,DIET020393,,SRM55N,Dietary Fibre (AOAC),,
7008064,20/01/2015 11:31,DIET020393,,SRM55N,Dietary Fibre - Soluble,,
6822083,21/11/2014 13:31,DIET020393,,SRM55N,Dietary Fibre - Insoluble,,
6822083,21/11/2014 13:31,DIET020393,,SRM55N,Dietary Fibre (AOAC),,
6613984,23/09/2014 8:36,DIET020393,BTAN,SRM55N,Dietary Fibre (AOAC),PCT_M-M,16.1
6690128,15/10/2014 10:10,DIET020393,MHO,SRM55N,Dietary Fibre (AOAC),PCT_M-M,15.62
6822083,21/11/2014 13:31,DIET020393,,SRM55N,Dietary Fibre (AOAC),,
7014007,21/01/2015 14:54,DIET020393,LLE,SRM55N,Dietary Fibre (AOAC),PCT_M-M,16.53
6943279,28/12/2014 8:48,DIET020393,HRAMADAN,SRM55N,Dietary Fibre (AOAC),PCT_M-M,15.82
6963169,6/01/2015 10:43,DIET020393,,SRM55N,Dietary Fibre (AOAC),,
6963169,6/01/2015 10:43,DIET020393,,SRM55N,Dietary Fibre - Soluble,,
6963169,6/01/2015 10:43,DIET020393,,SRM55N,Dietary Fibre - Insoluble,,
6963169,6/01/2015 10:43,DIET020393,,SRM55N,Dietary Fibre (AOAC),,
6963169,6/01/2015 10:43,DIET020393,,SRM55N,Dietary Fibre - Soluble,,
6963169,6/01/2015 10:43,DIET020393,,SRM55N,Dietary Fibre - Insoluble,,
6963169,6/01/2015 10:43,DIET020393,,SRM55N,Dietary Fibre (AOAC),,
7008064,20/01/2015 11:31,DIET020393,,SRM55N,Dietary Fibre - Insoluble,,
7008064,20/01/2015 11:31,DIET020393,,SRM55N,Dietary Fibre (AOAC),,
6683469,13/10/2014 14:16,DIET020393,BTAN,SRM55N,Dietary Fibre (AOAC),PCT_M-M,15.8
6201755,9/05/2014 14:32,DIET020393,,SRM55M,Dietary Fibre - Insoluble,,
6201755,9/05/2014 14:32,DIET020393,,SRM55M,Dietary Fibre (AOAC),,
6201755,9/05/2014 14:32,DIET020393,,SRM55M,Dietary Fibre - Soluble,,
6201755,9/05/2014 14:32,DIET020393,,SRM55M,Dietary Fibre (AOAC),,
6251684,26/05/2014 15:04,DIET020393,,SRM55M,Dietary Fibre (AOAC),,
6251684,26/05/2014 15:04,DIET020393,,SRM55M,Dietary Fibre - Soluble,,
6251684,26/05/2014 15:04,DIET020393,,SRM55M,Dietary Fibre - Insoluble,,
6251684,26/05/2014 15:04,DIET020393,,SRM55M,Dietary Fibre (AOAC),,
6251684,26/05/2014 15:04,DIET020393,,SRM55M,Dietary Fibre - Soluble,,
6251684,26/05/2014 15:04,DIET020393,,SRM55M,Dietary Fibre - Insoluble,,
6251684,26/05/2014 15:04,DIET020393,,SRM55M,Dietary Fibre (AOAC),,
6201755,9/05/2014 14:32,DIET020393,,SRM55M,Dietary Fibre - Insoluble,,
6201755,9/05/2014 14:32,DIET020393,,SRM55M,Dietary Fibre - Soluble,,
6201755,9/05/2014 14:32,DIET020393,,SRM55M,Dietary Fibre (AOAC),,
6177241,2/05/2014 7:42,DIET020393,,SRM55M,Dietary Fibre (AOAC),,
6177241,2/05/2014 7:42,DIET020393,,SRM55M,Dietary Fibre - Insoluble,,
6177241,2/05/2014 7:42,DIET020393,,SRM55M,Dietary Fibre - Soluble,,
6177241,2/05/2014 7:42,DIET020393,,SRM55M,Dietary Fibre (AOAC),,
6177241,2/05/2014 7:42,DIET020393,,SRM55M,Dietary Fibre - Insoluble,,
6162708,28/04/2014 8:34,DIET020393,,SRM55M,Dietary Fibre (AOAC),,
6162708,28/04/2014 8:34,DIET020393,,SRM55M,Dietary Fibre - Insoluble,,
6162708,28/04/2014 8:34,DIET020393,,SRM55M,Dietary Fibre - Soluble,,
6162708,28/04/2014 8:34,DIET020393,,SRM55M,Dietary Fibre (AOAC),,
6162708,28/04/2014 8:34,DIET020393,,SRM55M,Dietary Fibre - Insoluble,,
6162708,28/04/2014 8:34,DIET020393,,SRM55M,Dietary Fibre - Soluble,,
6162708,28/04/2014 8:34,DIET020393,,SRM55M,Dietary Fibre (AOAC),,
6133810,15/04/2014 16:09,DIET020393,JDSOUZA,SRM55M,Dietary Fibre (AOAC),PCT_M-M,15.04
6094188,2/04/2014 11:16,DIET020393,FNUNES,SRM55M,Dietary Fibre (AOAC),PCT_M-M,14.74
6082313,28/03/2014 14:57,DIET020393,JDSOUZA,SRM55M,Dietary Fibre (AOAC),PCT_M-M,14.15
6004858,3/03/2014 10:52,DIET020393,MBUDIANTO,SRM55M,Dietary Fibre (AOAC),PCT_M-M,14.97
5960202,16/02/2014 11:15,DIET020393,FNUNES,SRM55M,Dietary Fibre (AOAC),PCT_M-M,14.86
6177241,2/05/2014 7:42,DIET020393,,SRM55M,Dietary Fibre - Soluble,,
6177241,2/05/2014 7:42,DIET020393,,SRM55M,Dietary Fibre (AOAC),,
6227802,19/05/2014 9:13,DIET020393,MHO,SRM55M,Dietary Fibre (AOAC),PCT_M-M,13.81
6235265,21/05/2014 9:41,DIET020393,BTAN,SRM55M,Dietary Fibre (AOAC),PCT_M-M,15.2
6358362,1/07/2014 9:00,DIET020393,,SRM55N,Dietary Fibre (AOAC),,
6358362,1/07/2014 9:00,DIET020393,,SRM55N,Dietary Fibre - Soluble,,
6358362,1/07/2014 9:00,DIET020393,,SRM55N,Dietary Fibre - Insoluble,,
6358362,1/07/2014 9:00,DIET020393,,SRM55N,Dietary Fibre (AOAC),,
6358362,1/07/2014 9:00,DIET020393,,SRM55N,Dietary Fibre - Soluble,,
6358362,1/07/2014 9:00,DIET020393,,SRM55N,Dietary Fibre - Insoluble,,
6358362,1/07/2014 9:00,DIET020393,,SRM55N,Dietary Fibre (AOAC),,
6516058,23/08/2014 7:55,DIET020393,KLU,SRM55N,Dietary Fibre (AOAC),PCT_M-M,15.17
6677995,10/10/2014 18:17,DIET020393,,SRM55N,Dietary Fibre (AOAC),,
6730403,26/10/2014 8:21,DIET020393,MHO,SRM55N,Dietary Fibre (AOAC),PCT_M-M,16.45
6677995,10/10/2014 18:17,DIET020393,,SRM55N,Dietary Fibre - Soluble,,
6821244,21/11/2014 11:42,DIET020393,LLE,SRM55N,Dietary Fibre (AOAC),PCT_M-M,15.46
6677995,10/10/2014 18:17,DIET020393,,SRM55N,Dietary Fibre - Insoluble,,
6677995,10/10/2014 18:17,DIET020393,,SRM55N,Dietary Fibre (AOAC),,
6677995,10/10/2014 18:17,DIET020393,,SRM55N,Dietary Fibre - Soluble,,
6677995,10/10/2014 18:17,DIET020393,,SRM55N,Dietary Fibre - Insoluble,,
6358376,1/07/2014 9:01,DIET020393,,SRM55N,Dietary Fibre (AOAC),,
6358376,1/07/2014 9:01,DIET020393,,SRM55N,Dietary Fibre - Soluble,,
6474478,11/08/2014 11:51,DIET020393,,SRM55N,Dietary Fibre - Insoluble,,
6474478,11/08/2014 11:51,DIET020393,,SRM55N,Dietary Fibre (AOAC),,
6358376,1/07/2014 9:01,DIET020393,,SRM55N,Dietary Fibre - Insoluble,,
6358376,1/07/2014 9:01,DIET020393,,SRM55N,Dietary Fibre (AOAC),,
6358376,1/07/2014 9:01,DIET020393,,SRM55N,Dietary Fibre - Soluble,,
6358376,1/07/2014 9:01,DIET020393,,SRM55N,Dietary Fibre - Insoluble,,
6358376,1/07/2014 9:01,DIET020393,,SRM55N,Dietary Fibre (AOAC),,
6361634,1/07/2014 19:19,DIET020393,JDSOUZA,SRM55N,Dietary Fibre (AOAC),PCT_M-M,15.88
6384455,9/07/2014 17:40,DIET020393,JDSOUZA,SRM55N,Dietary Fibre (AOAC),PCT_M-M,16.21
6474478,11/08/2014 11:51,DIET020393,,SRM55N,Dietary Fibre (AOAC),,
6474478,11/08/2014 11:51,DIET020393,,SRM55N,Dietary Fibre - Soluble,,
6474478,11/08/2014 11:51,DIET020393,,SRM55N,Dietary Fibre - Insoluble,,
6474478,11/08/2014 11:51,DIET020393,,SRM55N,Dietary Fibre (AOAC),,
6474478,11/08/2014 11:51,DIET020393,,SRM55N,Dietary Fibre - Soluble,,
6677995,10/10/2014 18:17,DIET020393,,SRM55N,Dietary Fibre (AOAC),,
6774745,8/11/2014 8:44,DIET020393,HRAMADAN,SRM55N,Dietary Fibre (AOAC),PCT_M-M,14.71
6851085,30/11/2014 8:35,DIET020393,HRAMADAN,SRM55N,Dietary Fibre (AOAC),PCT_M-M,16.09
6645257,1/10/2014 15:57,DIET020393,BBOYCE,SRM55N,Dietary Fibre (AOAC),PCT_M-M,16.19
6674358,10/10/2014 9:23,DIET020393,MHO,SRM55N,Dietary Fibre (AOAC),PCT_M-M,16.66
6885070,9/12/2014 14:31,DIET020393,BJLEE,SRM55N,Dietary Fibre (AOAC),PCT_M-M,16.46
6942537,27/12/2014 10:29,DIET020393,HRAMADAN,SRM55N,Dietary Fibre (AOAC),PCT_M-M,15.77
6942580,27/12/2014 10:43,DIET020393,HRAMADAN,SRM55N,Dietary Fibre (AOAC),PCT_M-M,16.33
7010053,20/01/2015 16:52,DIET020393,JDSOUZA,SRM55N,Dietary Fibre (AOAC),PCT_M-M,16.79
6708585,20/10/2014 14:42,DIET020393,,SRM55N,Dietary Fibre - Soluble,,
6708585,20/10/2014 14:42,DIET020393,,SRM55N,Dietary Fibre - Insoluble,,
6708585,20/10/2014 14:42,DIET020393,,SRM55N,Dietary Fibre (AOAC),,
6835108,25/11/2014 20:48,DIET020393,,SRM55N,Dietary Fibre (AOAC),,
6835108,25/11/2014 20:48,DIET020393,,SRM55N,Dietary Fibre - Soluble,,
6835108,25/11/2014 20:48,DIET020393,,SRM55N,Dietary Fibre - Insoluble,,
6835108,25/11/2014 20:48,DIET020393,,SRM55N,Dietary Fibre (AOAC),,
6906765,16/12/2014 8:21,DIET020393,MDONAL,SRM55N,Dietary Fibre (AOAC),PCT_M-M,15.25
6932001,22/12/2014 20:03,DIET020393,LGONG,SRM55N,Dietary Fibre (AOAC),PCT_M-M,16.47
6945546,29/12/2014 11:50,DIET020393,LLE,SRM55N,Dietary Fibre (AOAC),PCT_M-M,16.13
7004842,19/01/2015 13:33,DIET020393,JDSOUZA,SRM55N,Dietary Fibre (AOAC),PCT_M-M,16.3
7022013,23/01/2015 14:43,DIET020393,JDSOUZA,SRM55N,Dietary Fibre (AOAC),PCT_M-M,16.75
6718424,22/10/2014 17:02,DIET020393,JDSOUZA,SRM55N,Dietary Fibre (AOAC),PCT_M-M,16.05
6097250,3/04/2014 9:06,DIET020393,HRAMADAN,SRM55M,Dietary Fibre (AOAC),PCT_M-M,14.73
6183636,5/05/2014 8:06,DIET020393,,SRM55M,Dietary Fibre - Insoluble,,
6183636,5/05/2014 8:06,DIET020393,,SRM55M,Dietary Fibre (AOAC),,
6183636,5/05/2014 8:06,DIET020393,,SRM55M,Dietary Fibre - Soluble,,
6183636,5/05/2014 8:06,DIET020393,,SRM55M,Dietary Fibre - Insoluble,,
6183636,5/05/2014 8:06,DIET020393,,SRM55M,Dietary Fibre (AOAC),,
6183636,5/05/2014 8:06,DIET020393,,SRM55M,Dietary Fibre - Soluble,,
6269004,31/05/2014 9:20,DIET020393,KLU,SRM55M,Dietary Fibre (AOAC),PCT_M-M,15.03
6183636,5/05/2014 8:06,DIET020393,,SRM55M,Dietary Fibre (AOAC),,
6181445,3/05/2014 9:12,DIET020393,HRAMADAN,SRM55M,Dietary Fibre (AOAC),PCT_M-M,14.59
6130824,15/04/2014 7:56,DIET020393,KLU,SRM55M,Dietary Fibre (AOAC),PCT_M-M,14.36
6043469,16/03/2014 10:21,DIET020393,FNUNES,SRM55M,Dietary Fibre (AOAC),PCT_M-M,15.52
5992912,26/02/2014 17:14,DIET020393,,SRM55M,Dietary Fibre (AOAC),,
5992912,26/02/2014 17:14,DIET020393,,SRM55M,Dietary Fibre - Insoluble,,
5992912,26/02/2014 17:14,DIET020393,,SRM55M,Dietary Fibre - Soluble,,
5992912,26/02/2014 17:14,DIET020393,,SRM55M,Dietary Fibre (AOAC),,
5992912,26/02/2014 17:14,DIET020393,,SRM55M,Dietary Fibre - Insoluble,,
5992912,26/02/2014 17:14,DIET020393,,SRM55M,Dietary Fibre - Soluble,,
5992912,26/02/2014 17:14,DIET020393,,SRM55M,Dietary Fibre (AOAC),,
5974681,20/02/2014 14:32,DIET020393,JDSOUZA,SRM55M,Dietary Fibre (AOAC),PCT_M-M,14.96
5854081,12/01/2014 9:56,DIET020393,HRAMADAN,SRM55M,Dietary Fibre (AOAC),PCT_M-M,14.7
5845925,9/01/2014 10:22,DIET020393,BJLEE,SRM55M,Dietary Fibre (AOAC),PCT_M-M,14.83
5843418,8/01/2014 13:51,DIET020393,LGONG,SRM55M,Dietary Fibre (AOAC),PCT_M-M,14.88
6038453,14/03/2014 10:18,DIET020393,LGONG,SRM55M,Dietary Fibre (AOAC),PCT_M-M,14.5
5914682,31/01/2014 13:46,DIET020393,,SRM55M,Dietary Fibre (AOAC),,
6381911,9/07/2014 9:19,DIET020393,JDSOUZA,SRM55N,Dietary Fibre (AOAC),PCT_M-M,16.18
5914682,31/01/2014 13:46,DIET020393,,SRM55M,Dietary Fibre - Insoluble,,
5914682,31/01/2014 13:46,DIET020393,,SRM55M,Dietary Fibre - Soluble,,
5914682,31/01/2014 13:46,DIET020393,,SRM55M,Dietary Fibre (AOAC),,
5914682,31/01/2014 13:46,DIET020393,,SRM55M,Dietary Fibre - Insoluble,,
5914682,31/01/2014 13:46,DIET020393,,SRM55M,Dietary Fibre - Soluble,,
5914682,31/01/2014 13:46,DIET020393,,SRM55M,Dietary Fibre (AOAC),,
6256954,28/05/2014 8:37,DIET020393,MHO,SRM55M,Dietary Fibre (AOAC),PCT_M-M,14.53
6295076,10/06/2014 13:58,DIET020393,BJLEE,SRM55M,Dietary Fibre (AOAC),PCT_M-M,14.2
6338677,24/06/2014 10:40,DIET020393,,SRM55M,Dietary Fibre (AOAC),,
6338677,24/06/2014 10:40,DIET020393,,SRM55M,Dietary Fibre - Soluble,,
6338677,24/06/2014 10:40,DIET020393,,SRM55M,Dietary Fibre - Insoluble,,
6338677,24/06/2014 10:40,DIET020393,,SRM55M,Dietary Fibre (AOAC),,
6375563,7/07/2014 9:12,DIET020393,,SRM55N,Dietary Fibre (AOAC),,
6338677,24/06/2014 10:40,DIET020393,,SRM55M,Dietary Fibre - Soluble,,
6338677,24/06/2014 10:40,DIET020393,,SRM55M,Dietary Fibre - Insoluble,,
6338677,24/06/2014 10:40,DIET020393,,SRM55M,Dietary Fibre (AOAC),,
6374360,6/07/2014 8:52,DIET020393,HRAMADAN,SRM55M,Dietary Fibre (AOAC),PCT_M-M,13.64
6375563,7/07/2014 9:12,DIET020393,,SRM55N,Dietary Fibre (AOAC),,
6375563,7/07/2014 9:12,DIET020393,,SRM55N,Dietary Fibre - Soluble,,
6375563,7/07/2014 9:12,DIET020393,,SRM55N,Dietary Fibre - Insoluble,,
6393361,13/07/2014 10:06,DIET020393,HRAMADAN,SRM55N,Dietary Fibre (AOAC),PCT_M-M,16.36
6460677,6/08/2014 10:47,DIET020393,MHO,SRM55N,Dietary Fibre (AOAC),PCT_M-M,15.93
6375563,7/07/2014 9:12,DIET020393,,SRM55N,Dietary Fibre (AOAC),,
6375563,7/07/2014 9:12,DIET020393,,SRM55N,Dietary Fibre - Soluble,,
6375563,7/07/2014 9:12,DIET020393,,SRM55N,Dietary Fibre - Insoluble,,
6665020,8/10/2014 8:56,DIET020393,LLE,SRM55N,Dietary Fibre - Insoluble,,
6665020,8/10/2014 8:56,DIET020393,LLE,SRM55N,Dietary Fibre (AOAC),,
6665020,8/10/2014 8:56,DIET020393,LLE,SRM55N,Dietary Fibre - Soluble,,
6665020,8/10/2014 8:56,DIET020393,LLE,SRM55N,Dietary Fibre - Insoluble,,
7031091,28/01/2015 8:28,DIET020393,MHO,SRM55N,Dietary Fibre (AOAC),PCT_M-M,17.08
6665020,8/10/2014 8:56,DIET020393,LLE,SRM55N,Dietary Fibre (AOAC),,
6361642,1/07/2014 19:27,DIET020393,HRAMADAN,SRM55N,Dietary Fibre (AOAC),PCT_M-M,14.81
6492666,16/08/2014 8:01,DIET020393,HRAMADAN,SRM55N,Dietary Fibre (AOAC),PCT_M-M,16.18
6544356,1/09/2014 15:01,DIET020393,JDSOUZA,SRM55N,Dietary Fibre (AOAC),PCT_M-M,15.43
6665020,8/10/2014 8:56,DIET020393,LLE,SRM55N,Dietary Fibre (AOAC),,
6665020,8/10/2014 8:56,DIET020393,LLE,SRM55N,Dietary Fibre - Soluble,,
6839750,26/11/2014 18:34,DIET020393,LGONG,SRM55N,Dietary Fibre (AOAC),PCT_M-M,15.41
6669686,9/10/2014 10:13,DIET020393,JDSOUZA,SRM55N,Dietary Fibre (AOAC),PCT_M-M,16.38
6740346,29/10/2014 9:06,DIET020393,MHO,SRM55N,Dietary Fibre (AOAC),PCT_M-M,15.74
6749401,31/10/2014 8:53,DIET020393,BTAN,SRM55N,Dietary Fibre (AOAC),PCT_M-M,16.09
6771715,7/11/2014 10:33,DIET020393,LLE,SRM55N,Dietary Fibre (AOAC),PCT_M-M,17.18
6787759,12/11/2014 12:04,DIET020393,,SRM55N,Dietary Fibre (AOAC),,
6787759,12/11/2014 12:04,DIET020393,,SRM55N,Dietary Fibre - Soluble,,
6787759,12/11/2014 12:04,DIET020393,,SRM55N,Dietary Fibre - Insoluble,,
6787759,12/11/2014 12:04,DIET020393,,SRM55N,Dietary Fibre (AOAC),,
6787759,12/11/2014 12:04,DIET020393,,SRM55N,Dietary Fibre - Soluble,,
6787759,12/11/2014 12:04,DIET020393,,SRM55N,Dietary Fibre - Insoluble,,
6787759,12/11/2014 12:04,DIET020393,,SRM55N,Dietary Fibre (AOAC),,
6656400,5/10/2014 8:06,DIET020393,MDONAL,SRM55N,Dietary Fibre (AOAC),PCT_M-M,16.7
6800677,16/11/2014 9:13,DIET020393,MDONAL,SRM55N,Dietary Fibre (AOAC),PCT_M-M,16.05
6815886,20/11/2014 9:59,DIET020393,HRAMADAN,SRM55N,Dietary Fibre (AOAC),PCT_M-M,15.85
6830875,24/11/2014 20:37,DIET020393,LGONG,SRM55N,Dietary Fibre (AOAC),PCT_M-M,15.32
6928161,21/12/2014 14:01,DIET020393,MHO,SRM55N,Dietary Fibre (AOAC),PCT_M-M,17.02
6955419,2/01/2015 9:31,DIET020393,HRAMADAN,SRM55N,Dietary Fibre (AOAC),PCT_M-M,16.2
5920171,3/02/2014 13:00,DIET020393,JDSOUZA,SRM55M,Dietary Fibre (AOAC),PCT_M-M,14.19
6104445,5/04/2014 9:08,DIET020393,KLU,SRM55M,Dietary Fibre (AOAC),PCT_M-M,14.55
6124667,11/04/2014 20:09,DIET020393,JDSOUZA,SRM55M,Dietary Fibre (AOAC),PCT_M-M,14.67
6151271,23/04/2014 8:37,DIET020393,KLU,SRM55M,Dietary Fibre (AOAC),PCT_M-M,14.17
6162669,28/04/2014 8:26,DIET020393,MDONAL,SRM55M,Dietary Fibre (AOAC),PCT_M-M,13.72
6226577,18/05/2014 8:42,DIET020393,MDONAL,SRM55M,Dietary Fibre (AOAC),PCT_M-M,14.54
6359260,1/07/2014 10:54,DIET020393,MDONAL,SRM55M,Dietary Fibre (AOAC),PCT_M-M,13.86
6376257,7/07/2014 12:35,DIET020393,,SRM55M,Dietary Fibre - Soluble,,
6376257,7/07/2014 12:35,DIET020393,,SRM55M,Dietary Fibre - Insoluble,,
6376257,7/07/2014 12:35,DIET020393,,SRM55M,Dietary Fibre (AOAC),,
6376257,7/07/2014 12:35,DIET020393,,SRM55M,Dietary Fibre - Soluble,,
6376257,7/07/2014 12:35,DIET020393,,SRM55M,Dietary Fibre - Insoluble,,
6376257,7/07/2014 12:35,DIET020393,,SRM55M,Dietary Fibre (AOAC),,
6373113,5/07/2014 7:34,DIET020393,,SRM55N,Dietary Fibre (AOAC),,
6373113,5/07/2014 7:34,DIET020393,,SRM55N,Dietary Fibre - Insoluble,,
6373113,5/07/2014 7:34,DIET020393,,SRM55N,Dietary Fibre - Soluble,,
6373113,5/07/2014 7:34,DIET020393,,SRM55N,Dietary Fibre (AOAC),,
6373113,5/07/2014 7:34,DIET020393,,SRM55N,Dietary Fibre - Insoluble,,
6373113,5/07/2014 7:34,DIET020393,,SRM55N,Dietary Fibre - Soluble,,
6358358,1/07/2014 8:58,DIET020393,KLU,SRM55N,Dietary Fibre (AOAC),PCT_M-M,15.55
6209784,13/05/2014 11:18,DIET020393,BJLEE,SRM55M,Dietary Fibre (AOAC),PCT_M-M,14.07
6109023,8/04/2014 8:01,DIET020393,MDONAL,SRM55M,Dietary Fibre (AOAC),PCT_M-M,14.3
6376257,7/07/2014 12:35,DIET020393,,SRM55M,Dietary Fibre (AOAC),,
6381622,9/07/2014 8:15,DIET020393,KLU,SRM55N,Dietary Fibre - Insoluble,,
6381622,9/07/2014 8:15,DIET020393,KLU,SRM55N,Dietary Fibre (AOAC),,
6381622,9/07/2014 8:15,DIET020393,KLU,SRM55N,Dietary Fibre - Soluble,,
6381622,9/07/2014 8:15,DIET020393,KLU,SRM55N,Dietary Fibre - Insoluble,,
6381622,9/07/2014 8:15,DIET020393,KLU,SRM55N,Dietary Fibre (AOAC),,
6373113,5/07/2014 7:34,DIET020393,,SRM55N,Dietary Fibre (AOAC),,
6211537,13/05/2014 17:13,DIET020393,JDSOUZA,SRM55M,Dietary Fibre (AOAC),PCT_M-M,14.05
6203683,10/05/2014 10:36,DIET020393,HRAMADAN,SRM55M,Dietary Fibre (AOAC),PCT_M-M,14.44
6171110,30/04/2014 11:40,DIET020393,LLE,SRM55M,Dietary Fibre (AOAC),PCT_M-M,13.56
6170540,30/04/2014 10:41,DIET020393,MDONAL,SRM55M,Dietary Fibre (AOAC),,
6878799,8/12/2014 9:38,DIET020393,,SRM55N,Dietary Fibre (AOAC),,
6878799,8/12/2014 9:38,DIET020393,,SRM55N,Dietary Fibre - Soluble,,
6878799,8/12/2014 9:38,DIET020393,,SRM55N,Dietary Fibre - Insoluble,,
6878799,8/12/2014 9:38,DIET020393,,SRM55N,Dietary Fibre (AOAC),,
6878799,8/12/2014 9:38,DIET020393,,SRM55N,Dietary Fibre - Soluble,,
6878799,8/12/2014 9:38,DIET020393,,SRM55N,Dietary Fibre - Insoluble,,
6878799,8/12/2014 9:38,DIET020393,,SRM55N,Dietary Fibre (AOAC),,
6170540,30/04/2014 10:41,DIET020393,MDONAL,SRM55M,Dietary Fibre - Insoluble,,
6170540,30/04/2014 10:41,DIET020393,MDONAL,SRM55M,Dietary Fibre - Soluble,,
6170540,30/04/2014 10:41,DIET020393,MDONAL,SRM55M,Dietary Fibre (AOAC),,
6170540,30/04/2014 10:41,DIET020393,MDONAL,SRM55M,Dietary Fibre - Insoluble,,
6170540,30/04/2014 10:41,DIET020393,MDONAL,SRM55M,Dietary Fibre - Soluble,,
6170540,30/04/2014 10:41,DIET020393,MDONAL,SRM55M,Dietary Fibre (AOAC),,
6149067,22/04/2014 11:03,DIET020393,FNUNES,SRM55M,Dietary Fibre (AOAC),PCT_M-M,13.94
6107904,7/04/2014 14:38,DIET020393,JDSOUZA,SRM55M,Dietary Fibre (AOAC),PCT_M-M,14.85
5953195,13/02/2014 14:27,DIET020393,BBOYCE,SRM55M,Dietary Fibre (AOAC),PCT_M-M,15.03
6584391,13/09/2014 9:00,DIET020393,HRAMADAN,SRM55N,Dietary Fibre (AOAC),PCT_M-M,15.57
6381622,9/07/2014 8:15,DIET020393,KLU,SRM55N,Dietary Fibre (AOAC),,
6381622,9/07/2014 8:15,DIET020393,KLU,SRM55N,Dietary Fibre - Soluble,,
6596176,17/09/2014 11:12,DIET020393,BJLEE,SRM55N,Dietary Fibre (AOAC),PCT_M-M,15.88
6639692,30/09/2014 11:37,DIET020393,MDONAL,SRM55N,Dietary Fibre (AOAC),PCT_M-M,16.68
6751132,31/10/2014 13:13,DIET020393,JDSOUZA,SRM55N,Dietary Fibre (AOAC),PCT_M-M,15.38
6464012,7/08/2014 9:35,DIET020393,BTAN,SRM55N,Dietary Fibre (AOAC),PCT_M-M,16.05
6531430,28/08/2014 8:51,DIET020393,BTAN,SRM55N,Dietary Fibre (AOAC),PCT_M-M,15.98
6858943,2/12/2014 13:34,DIET020393,JDSOUZA,SRM55N,Dietary Fibre (AOAC),PCT_M-M,16.74
6537029,29/08/2014 11:31,DIET020393,BJLEE,SRM55N,Dietary Fibre (AOAC),PCT_M-M,15.74
6609042,21/09/2014 8:26,DIET020393,HRAMADAN,SRM55N,Dietary Fibre (AOAC),PCT_M-M,15.99
6622495,25/09/2014 9:20,DIET020393,KLU,SRM55N,Dietary Fibre (AOAC),PCT_M-M,15.21
6795001,14/11/2014 8:54,DIET020393,BTAN,SRM55N,Dietary Fibre (AOAC),PCT_M-M,15.5
6799166,15/11/2014 9:41,DIET020393,HRAMADAN,SRM55N,Dietary Fibre (AOAC),PCT_M-M,16.67
6932028,22/12/2014 20:44,DIET020393,JDSOUZA,SRM55N,Dietary Fibre (AOAC),PCT_M-M,16.35
7028862,27/01/2015 12:05,DIET020393,,SRM55N,Dietary Fibre (AOAC),,
7028862,27/01/2015 12:05,DIET020393,,SRM55N,Dietary Fibre - Soluble,,
7028862,27/01/2015 12:05,DIET020393,,SRM55N,Dietary Fibre - Insoluble,,
7028862,27/01/2015 12:05,DIET020393,,SRM55N,Dietary Fibre (AOAC),,
7028862,27/01/2015 12:05,DIET020393,,SRM55N,Dietary Fibre - Soluble,,
7028862,27/01/2015 12:05,DIET020393,,SRM55N,Dietary Fibre - Insoluble,,
7028862,27/01/2015 12:05,DIET020393,,SRM55N,Dietary Fibre (AOAC),,
7029845,27/01/2015 15:34,DIET020393,JDSOUZA,SRM55N,Dietary Fibre (AOAC),PCT_M-M,16.56
7039056,29/01/2015 21:01,DIET020393,MDONAL,SRM55N,Dietary Fibre (AOAC),PCT_M-M,16.21
6766891,6/11/2014 9:08,DIET020393,HRAMADAN,SRM55N,Dietary Fibre (AOAC),PCT_M-M,16.34
7047454,2/02/2015 10:21,DIET020393,,SRM55N,Dietary Fibre (AOAC),,
7047454,2/02/2015 10:21,DIET020393,,SRM55N,Dietary Fibre - Soluble,,
7047454,2/02/2015 10:21,DIET020393,,SRM55N,Dietary Fibre - Insoluble,,
7047454,2/02/2015 10:21,DIET020393,,SRM55N,Dietary Fibre (AOAC),,
7047454,2/02/2015 10:21,DIET020393,,SRM55N,Dietary Fibre - Soluble,,
7047454,2/02/2015 10:21,DIET020393,,SRM55N,Dietary Fibre - Insoluble,,
7047454,2/02/2015 10:21,DIET020393,,SRM55N,Dietary Fibre (AOAC),,
7050998,3/02/2015 10:19,DIET020393,MHO,SRM55N,Dietary Fibre (AOAC),,
7050998,3/02/2015 10:19,DIET020393,MHO,SRM55N,Dietary Fibre - Soluble,,
7050998,3/02/2015 10:19,DIET020393,MHO,SRM55N,Dietary Fibre - Insoluble,,
7050998,3/02/2015 10:19,DIET020393,MHO,SRM55N,Dietary Fibre (AOAC),,
7050998,3/02/2015 10:19,DIET020393,MHO,SRM55N,Dietary Fibre - Soluble,,
7050998,3/02/2015 10:19,DIET020393,MHO,SRM55N,Dietary Fibre - Insoluble,,
7050998,3/02/2015 10:19,DIET020393,MHO,SRM55N,Dietary Fibre (AOAC),,
6038450,14/03/2014 10:17,DIET020393,LGONG,SRM55M,Dietary Fibre (AOAC),PCT_M-M,14.6
6061689,21/03/2014 13:59,DIET020393,JDSOUZA,SRM55M,Dietary Fibre (AOAC),PCT_M-M,14.17
6129591,14/04/2014 13:59,DIET020393,JDSOUZA,SRM55M,Dietary Fibre (AOAC),PCT_M-M,14.14
6130877,15/04/2014 8:07,DIET020393,,SRM55M,Dietary Fibre (AOAC),,
6130877,15/04/2014 8:07,DIET020393,,SRM55M,Dietary Fibre - Soluble,,
6130877,15/04/2014 8:07,DIET020393,,SRM55M,Dietary Fibre - Insoluble,,
6130877,15/04/2014 8:07,DIET020393,,SRM55M,Dietary Fibre (AOAC),,
6130877,15/04/2014 8:07,DIET020393,,SRM55M,Dietary Fibre - Soluble,,
6130877,15/04/2014 8:07,DIET020393,,SRM55M,Dietary Fibre - Insoluble,,
6130877,15/04/2014 8:07,DIET020393,,SRM55M,Dietary Fibre (AOAC),,
6182621,4/05/2014 8:17,DIET020393,FNUNES,SRM55M,Dietary Fibre (AOAC),PCT_M-M,13.95
6326481,19/06/2014 13:58,DIET020393,BJLEE,SRM55M,Dietary Fibre (AOAC),PCT_M-M,14.32
6349677,27/06/2014 9:49,DIET020393,,SRM55N,Dietary Fibre (AOAC),,
6349677,27/06/2014 9:49,DIET020393,,SRM55N,Dietary Fibre - Soluble,,
6349677,27/06/2014 9:49,DIET020393,,SRM55N,Dietary Fibre - Insoluble,,
6349677,27/06/2014 9:49,DIET020393,,SRM55N,Dietary Fibre (AOAC),,
6349677,27/06/2014 9:49,DIET020393,,SRM55N,Dietary Fibre - Soluble,,
6349677,27/06/2014 9:49,DIET020393,,SRM55N,Dietary Fibre - Insoluble,,
6349677,27/06/2014 9:49,DIET020393,,SRM55N,Dietary Fibre (AOAC),,
6375549,7/07/2014 9:09,DIET020393,MDONAL,SRM55N,Dietary Fibre (AOAC),PCT_M-M,16.1
6388892,11/07/2014 9:08,DIET020393,HRAMADAN,SRM55N,Dietary Fibre (AOAC),PCT_M-M,14.92
6394244,14/07/2014 9:11,DIET020393,,SRM55N,Dietary Fibre (AOAC),,
6394244,14/07/2014 9:11,DIET020393,,SRM55N,Dietary Fibre - Soluble,,
6394244,14/07/2014 9:11,DIET020393,,SRM55N,Dietary Fibre - Insoluble,,
6394244,14/07/2014 9:11,DIET020393,,SRM55N,Dietary Fibre (AOAC),,
6394244,14/07/2014 9:11,DIET020393,,SRM55N,Dietary Fibre - Soluble,,
6394244,14/07/2014 9:11,DIET020393,,SRM55N,Dietary Fibre - Insoluble,,
6394244,14/07/2014 9:11,DIET020393,,SRM55N,Dietary Fibre (AOAC),,
6405272,17/07/2014 14:12,DIET020393,,SRM55N,Dietary Fibre (AOAC),,
6405272,17/07/2014 14:12,DIET020393,,SRM55N,Dietary Fibre - Soluble,,
6405272,17/07/2014 14:12,DIET020393,,SRM55N,Dietary Fibre - Insoluble,,
6405272,17/07/2014 14:12,DIET020393,,SRM55N,Dietary Fibre (AOAC),,
6405272,17/07/2014 14:12,DIET020393,,SRM55N,Dietary Fibre - Soluble,,
6405272,17/07/2014 14:12,DIET020393,,SRM55N,Dietary Fibre - Insoluble,,
6405272,17/07/2014 14:12,DIET020393,,SRM55N,Dietary Fibre (AOAC),,
6416193,22/07/2014 11:05,DIET020393,LLE,SRM55N,Dietary Fibre (AOAC),PCT_M-M,15.19
6474460,11/08/2014 11:48,DIET020393,BTAN,SRM55N,Dietary Fibre (AOAC),PCT_M-M,15.9
6361645,1/07/2014 19:29,DIET020393,BJLEE,SRM55N,Dietary Fibre (AOAC),PCT_M-M,14.8
6516069,23/08/2014 7:59,DIET020393,,SRM55N,Dietary Fibre (AOAC),,
6516069,23/08/2014 7:59,DIET020393,,SRM55N,Dietary Fibre - Soluble,,
6516069,23/08/2014 7:59,DIET020393,,SRM55N,Dietary Fibre - Insoluble,,
6516069,23/08/2014 7:59,DIET020393,,SRM55N,Dietary Fibre (AOAC),,
6516069,23/08/2014 7:59,DIET020393,,SRM55N,Dietary Fibre - Soluble,,
6516069,23/08/2014 7:59,DIET020393,,SRM55N,Dietary Fibre - Insoluble,,
6516069,23/08/2014 7:59,DIET020393,,SRM55N,Dietary Fibre (AOAC),,
6508674,21/08/2014 10:39,DIET020393,BJLEE,SRM55N,Dietary Fibre (AOAC),PCT_M-M,15.23
6559746,5/09/2014 13:36,DIET020393,HRAMADAN,SRM55N,Dietary Fibre (AOAC),PCT_M-M,15.75
6439832,30/07/2014 8:41,DIET020393,KLU,SRM55N,Dietary Fibre (AOAC),PCT_M-M,14.98
6427157,25/07/2014 10:39,DIET020393,KLU,SRM55N,Dietary Fibre (AOAC),PCT_M-M,15.19
6406951,18/07/2014 8:52,DIET020393,MHO,SRM55N,Dietary Fibre (AOAC),PCT_M-M,22.18
6394787,14/07/2014 11:17,DIET020393,MHO,SRM55N,Dietary Fibre (AOAC),PCT_M-M,15.04
6369733,4/07/2014 8:18,DIET020393,MDONAL,SRM55N,Dietary Fibre (AOAC),PCT_M-M,15.2
6241556,22/05/2014 14:45,DIET020393,JDSOUZA,SRM55M,Dietary Fibre (AOAC),PCT_M-M,14.43
6223490,16/05/2014 14:56,DIET020393,JDSOUZA,SRM55M,Dietary Fibre (AOAC),PCT_M-M,13.91
6190909,7/05/2014 7:55,DIET020393,,SRM55M,Dietary Fibre (AOAC),,
6190909,7/05/2014 7:55,DIET020393,,SRM55M,Dietary Fibre - Insoluble,,
6713902,21/10/2014 16:42,DIET020393,JDSOUZA,SRM55N,Dietary Fibre (AOAC),PCT_M-M,15.93
6190909,7/05/2014 7:55,DIET020393,,SRM55M,Dietary Fibre - Soluble,,
6190909,7/05/2014 7:55,DIET020393,,SRM55M,Dietary Fibre (AOAC),,
6190909,7/05/2014 7:55,DIET020393,,SRM55M,Dietary Fibre - Insoluble,,
6190909,7/05/2014 7:55,DIET020393,,SRM55M,Dietary Fibre - Soluble,,
6190909,7/05/2014 7:55,DIET020393,,SRM55M,Dietary Fibre (AOAC),,
6152587,23/04/2014 11:42,DIET020393,BBOYCE,SRM55M,Dietary Fibre (AOAC),PCT_M-M,14.71
6051886,19/03/2014 8:50,DIET020393,,SRM55M,Dietary Fibre (AOAC),,
6051886,19/03/2014 8:50,DIET020393,,SRM55M,Dietary Fibre - Insoluble,,
6051886,19/03/2014 8:50,DIET020393,,SRM55M,Dietary Fibre - Soluble,,
6051886,19/03/2014 8:50,DIET020393,,SRM55M,Dietary Fibre (AOAC),,
6051886,19/03/2014 8:50,DIET020393,,SRM55M,Dietary Fibre - Insoluble,,
6051886,19/03/2014 8:50,DIET020393,,SRM55M,Dietary Fibre - Soluble,,
6051886,19/03/2014 8:50,DIET020393,,SRM55M,Dietary Fibre (AOAC),,
5944769,11/02/2014 13:07,DIET020393,JDSOUZA,SRM55M,Dietary Fibre (AOAC),PCT_M-M,15.01
6539508,30/08/2014 9:08,DIET020393,HRAMADAN,SRM55N,Dietary Fibre (AOAC),PCT_M-M,15.57
6605445,19/09/2014 14:09,DIET020393,,SRM55N,Dietary Fibre (AOAC),,
6605445,19/09/2014 14:09,DIET020393,,SRM55N,Dietary Fibre - Soluble,,
6605445,19/09/2014 14:09,DIET020393,,SRM55N,Dietary Fibre - Insoluble,,
6605445,19/09/2014 14:09,DIET020393,,SRM55N,Dietary Fibre (AOAC),,
6605445,19/09/2014 14:09,DIET020393,,SRM55N,Dietary Fibre - Soluble,,
6605445,19/09/2014 14:09,DIET020393,,SRM55N,Dietary Fibre - Insoluble,,
6605445,19/09/2014 14:09,DIET020393,,SRM55N,Dietary Fibre (AOAC),,
6629352,26/09/2014 14:08,DIET020393,JDSOUZA,SRM55N,Dietary Fibre (AOAC),PCT_M-M,15.56
6636733,29/09/2014 14:30,DIET020393,JDSOUZA,SRM55N,Dietary Fibre (AOAC),PCT_M-M,16.27
5844384,8/01/2014 17:37,DIET020393,BBOYCE,SRM55M,Dietary Fibre (AOAC),PCT_M-M,14.02
6064106,23/03/2014 7:47,DIET020393,MDONAL,SRM55M,Dietary Fibre (AOAC),PCT_M-M,14.72
6106861,7/04/2014 9:35,DIET020393,,SRM55M,Dietary Fibre (AOAC),,
6106861,7/04/2014 9:35,DIET020393,,SRM55M,Dietary Fibre - Soluble,,
6106861,7/04/2014 9:35,DIET020393,,SRM55M,Dietary Fibre - Insoluble,,
6177189,2/05/2014 7:30,DIET020393,MDONAL,SRM55M,Dietary Fibre (AOAC),PCT_M-M,13.71
6237428,21/05/2014 14:39,DIET020393,KLU,SRM55M,Dietary Fibre (AOAC),PCT_M-M,14.11
6371389,4/07/2014 12:53,DIET020393,JDSOUZA,SRM55N,Dietary Fibre (AOAC),PCT_M-M,14.97
6381706,9/07/2014 8:47,DIET020393,,SRM55M,Dietary Fibre - Soluble,,
6381706,9/07/2014 8:47,DIET020393,,SRM55M,Dietary Fibre - Insoluble,,
6381706,9/07/2014 8:47,DIET020393,,SRM55M,Dietary Fibre (AOAC),,
6381706,9/07/2014 8:47,DIET020393,,SRM55M,Dietary Fibre - Soluble,,
6381706,9/07/2014 8:47,DIET020393,,SRM55M,Dietary Fibre - Insoluble,,
6381706,9/07/2014 8:47,DIET020393,,SRM55M,Dietary Fibre (AOAC),,
6381749,9/07/2014 9:00,DIET020393,KLU,SRM55N,Dietary Fibre (AOAC),PCT_M-M,16.16
6391359,11/07/2014 15:37,DIET020393,JDSOUZA,SRM55N,Dietary Fibre (AOAC),PCT_M-M,15.42
6381706,9/07/2014 8:47,DIET020393,,SRM55M,Dietary Fibre (AOAC),,
6374361,6/07/2014 8:54,DIET020393,HRAMADAN,SRM55N,Dietary Fibre (AOAC),PCT_M-M,15.05
6440459,30/07/2014 10:35,DIET020393,KLU,SRM55N,Dietary Fibre (AOAC),PCT_M-M,14.98
6361643,1/07/2014 19:28,DIET020393,HRAMADAN,SRM55N,Dietary Fibre (AOAC),PCT_M-M,14.97
6361636,1/07/2014 19:21,DIET020393,HRAMADAN,SRM55N,Dietary Fibre (AOAC),PCT_M-M,14.33
6586395,14/09/2014 8:41,DIET020393,MHO,SRM55N,Dietary Fibre (AOAC),PCT_M-M,16.22
6349668,27/06/2014 9:48,DIET020393,,SRM55M,Dietary Fibre (AOAC),,
6349668,27/06/2014 9:48,DIET020393,,SRM55M,Dietary Fibre - Insoluble,,
6349668,27/06/2014 9:48,DIET020393,,SRM55M,Dietary Fibre - Soluble,,
6349668,27/06/2014 9:48,DIET020393,,SRM55M,Dietary Fibre (AOAC),,
6349668,27/06/2014 9:48,DIET020393,,SRM55M,Dietary Fibre - Insoluble,,
6349668,27/06/2014 9:48,DIET020393,,SRM55M,Dietary Fibre - Soluble,,
6349668,27/06/2014 9:48,DIET020393,,SRM55M,Dietary Fibre (AOAC),,
6349611,27/06/2014 9:36,DIET020393,HRAMADAN,SRM55M,Dietary Fibre (AOAC),PCT_M-M,14.57
6215093,14/05/2014 14:00,DIET020393,JDSOUZA,SRM55M,Dietary Fibre (AOAC),PCT_M-M,14.05
6204640,11/05/2014 9:14,DIET020393,FNUNES,SRM55M,Dietary Fibre (AOAC),PCT_M-M,14.11
6167815,29/04/2014 14:04,DIET020393,JDSOUZA,SRM55M,Dietary Fibre (AOAC),PCT_M-M,13.99
6117600,10/04/2014 9:56,DIET020393,HRAMADAN,SRM55M,Dietary Fibre (AOAC),PCT_M-M,14.85
6114106,9/04/2014 10:51,DIET020393,FNUNES,SRM55M,Dietary Fibre (AOAC),PCT_M-M,14.61
6091414,1/04/2014 14:17,DIET020393,JDSOUZA,SRM55M,Dietary Fibre (AOAC),PCT_M-M,14.54
5984911,24/02/2014 14:59,DIET020393,JDSOUZA,SRM55M,Dietary Fibre (AOAC),PCT_M-M,14.4
5935361,7/02/2014 13:31,DIET020393,JDSOUZA,SRM55M,Dietary Fibre (AOAC),PCT_M-M,14.45
6106861,7/04/2014 9:35,DIET020393,,SRM55M,Dietary Fibre (AOAC),,
6106861,7/04/2014 9:35,DIET020393,,SRM55M,Dietary Fibre - Insoluble,,
6106861,7/04/2014 9:35,DIET020393,,SRM55M,Dietary Fibre - Soluble,,
6106861,7/04/2014 9:35,DIET020393,,SRM55M,Dietary Fibre (AOAC),,
6429749,26/07/2014 7:39,DIET020393,MDONAL,SRM55N,Dietary Fibre (AOAC),PCT_M-M,14.93
6652943,3/10/2014 13:33,DIET020393,JDSOUZA,SRM55N,Dietary Fibre - Insoluble,,
6652943,3/10/2014 13:33,DIET020393,JDSOUZA,SRM55N,Dietary Fibre (AOAC),,
6889827,10/12/2014 15:42,DIET020393,,SRM55N,Dietary Fibre - Soluble,,
6889827,10/12/2014 15:42,DIET020393,,SRM55N,Dietary Fibre - Insoluble,,
6889827,10/12/2014 15:42,DIET020393,,SRM55N,Dietary Fibre (AOAC),,
6889834,10/12/2014 15:43,DIET020393,JDSOUZA,SRM55N,Dietary Fibre (AOAC),PCT_M-M,16.23
6681673,13/10/2014 8:52,DIET020393,BTAN,SRM55N,Dietary Fibre (AOAC),PCT_M-M,16.51
6889827,10/12/2014 15:42,DIET020393,,SRM55N,Dietary Fibre - Insoluble,,
6433250,28/07/2014 10:36,DIET020393,MHO,SRM55N,Dietary Fibre (AOAC),PCT_M-M,15.5
6573591,10/09/2014 13:25,DIET020393,JDSOUZA,SRM55N,Dietary Fibre (AOAC),PCT_M-M,15.86
6576792,11/09/2014 11:06,DIET020393,MHO,SRM55N,Dietary Fibre (AOAC),PCT_M-M,16.02
6589510,15/09/2014 14:04,DIET020393,BJLEE,SRM55N,Dietary Fibre (AOAC),PCT_M-M,16.83
6589567,15/09/2014 14:08,DIET020393,,SRM55N,Dietary Fibre (AOAC),,
6589567,15/09/2014 14:08,DIET020393,,SRM55N,Dietary Fibre - Soluble,,
6589567,15/09/2014 14:08,DIET020393,,SRM55N,Dietary Fibre - Insoluble,,
6589567,15/09/2014 14:08,DIET020393,,SRM55N,Dietary Fibre (AOAC),,
6589567,15/09/2014 14:08,DIET020393,,SRM55N,Dietary Fibre - Soluble,,
6589567,15/09/2014 14:08,DIET020393,,SRM55N,Dietary Fibre - Insoluble,,
6589567,15/09/2014 14:08,DIET020393,,SRM55N,Dietary Fibre (AOAC),,
6813097,19/11/2014 14:29,DIET020393,JDSOUZA,SRM55N,Dietary Fibre (AOAC),PCT_M-M,16.8
6889827,10/12/2014 15:42,DIET020393,,SRM55N,Dietary Fibre (AOAC),,
6889827,10/12/2014 15:42,DIET020393,,SRM55N,Dietary Fibre - Soluble,,
6889827,10/12/2014 15:42,DIET020393,,SRM55N,Dietary Fibre (AOAC),,
6603750,19/09/2014 9:53,DIET020393,HRAMADAN,SRM55N,Dietary Fibre (AOAC),PCT_M-M,15.1
6652943,3/10/2014 13:33,DIET020393,JDSOUZA,SRM55N,Dietary Fibre (AOAC),,
6652943,3/10/2014 13:33,DIET020393,JDSOUZA,SRM55N,Dietary Fibre - Soluble,,
6652943,3/10/2014 13:33,DIET020393,JDSOUZA,SRM55N,Dietary Fibre - Insoluble,,
6652943,3/10/2014 13:33,DIET020393,JDSOUZA,SRM55N,Dietary Fibre (AOAC),,
6652943,3/10/2014 13:33,DIET020393,JDSOUZA,SRM55N,Dietary Fibre - Soluble,,
6753158,1/11/2014 9:42,DIET020393,MDONAL,SRM55N,Dietary Fibre (AOAC),PCT_M-M,16.38
6923594,19/12/2014 14:29,DIET020393,HRAMADAN,SRM55N,Dietary Fibre (AOAC),PCT_M-M,15.97
6924337,19/12/2014 16:09,DIET020393,JDSOUZA,SRM55N,Dietary Fibre (AOAC),PCT_M-M,15.54
6724705,24/10/2014 10:16,DIET020393,MDONAL,SRM55N,Dietary Fibre (AOAC),PCT_M-M,15.73
6728674,25/10/2014 8:27,DIET020393,HRAMADAN,SRM55N,Dietary Fibre (AOAC),PCT_M-M,16.2
6865089,3/12/2014 16:13,DIET020393,MHO,SRM55N,Dietary Fibre (AOAC),PCT_M-M,16.23
6869151,4/12/2014 15:28,DIET020393,JDSOUZA,SRM55N,Dietary Fibre (AOAC),PCT_M-M,16.16
6899835,13/12/2014 8:54,DIET020393,HRAMADAN,SRM55N,Dietary Fibre (AOAC),PCT_M-M,16.11
6889114,10/12/2014 13:25,DIET020393,JDSOUZA,SRM55N,Dietary Fibre (AOAC),PCT_M-M,16.2
6963143,6/01/2015 10:40,DIET020393,BJLEE,SRM55N,Dietary Fibre (AOAC),PCT_M-M,15.25
7002026,18/01/2015 8:40,DIET020393,HRAMADAN,SRM55N,Dietary Fibre (AOAC),PCT_M-M,15.61
7043406,31/01/2015 8:32,DIET020393,KLU,SRM55N,Dietary Fibre (AOAC),PCT_M-M,15.95
5844376,8/01/2014 17:35,DIET020393,BBOYCE,SRM55M,Dietary Fibre (AOAC),PCT_M-M,13.78
5949391,12/02/2014 14:45,DIET020393,LGONG,SRM55M,Dietary Fibre (AOAC),PCT_M-M,14.24
6005709,3/03/2014 14:36,DIET020393,,SRM55M,Dietary Fibre (AOAC),,
6005709,3/03/2014 14:36,DIET020393,,SRM55M,Dietary Fibre - Soluble,,
6005709,3/03/2014 14:36,DIET020393,,SRM55M,Dietary Fibre - Insoluble,,
6005709,3/03/2014 14:36,DIET020393,,SRM55M,Dietary Fibre (AOAC),,
6005709,3/03/2014 14:36,DIET020393,,SRM55M,Dietary Fibre - Soluble,,
6005709,3/03/2014 14:36,DIET020393,,SRM55M,Dietary Fibre - Insoluble,,
6005709,3/03/2014 14:36,DIET020393,,SRM55M,Dietary Fibre (AOAC),,
6048604,18/03/2014 10:52,DIET020393,FNUNES,SRM55M,Dietary Fibre (AOAC),PCT_M-M,14.39
6051905,19/03/2014 8:51,DIET020393,,SRM55M,Dietary Fibre (AOAC),,
6183533,5/05/2014 7:47,DIET020393,BTAN,SRM55M,Dietary Fibre (AOAC),PCT_M-M,13.96
6268731,31/05/2014 7:45,DIET020393,MDONAL,SRM55M,Dietary Fibre (AOAC),PCT_M-M,14.2
6270471,1/06/2014 9:04,DIET020393,HRAMADAN,SRM55M,Dietary Fibre (AOAC),PCT_M-M,15.22
6328295,20/06/2014 7:57,DIET020393,KLU,SRM55M,Dietary Fibre (AOAC),PCT_M-M,13.9
6333750,22/06/2014 9:09,DIET020393,HRAMADAN,SRM55M,Dietary Fibre (AOAC),PCT_M-M,13.89
6338621,24/06/2014 10:31,DIET020393,MHO,SRM55M,Dietary Fibre (AOAC),PCT_M-M,14.23
6340302,24/06/2014 15:14,DIET020393,MHO,SRM55M,Dietary Fibre (AOAC),PCT_M-M,13.63
6361651,1/07/2014 19:34,DIET020393,MDONAL,SRM55N,Dietary Fibre (AOAC),PCT_M-M,15.09
6375559,7/07/2014 9:11,DIET020393,,SRM55M,Dietary Fibre (AOAC),,
6375559,7/07/2014 9:11,DIET020393,,SRM55M,Dietary Fibre - Soluble,,
6375559,7/07/2014 9:11,DIET020393,,SRM55M,Dietary Fibre - Insoluble,,
6375559,7/07/2014 9:11,DIET020393,,SRM55M,Dietary Fibre (AOAC),,
6375559,7/07/2014 9:11,DIET020393,,SRM55M,Dietary Fibre - Soluble,,
6375559,7/07/2014 9:11,DIET020393,,SRM55M,Dietary Fibre - Insoluble,,
6375559,7/07/2014 9:11,DIET020393,,SRM55M,Dietary Fibre (AOAC),,
6410460,19/07/2014 8:39,DIET020393,KLU,SRM55N,Dietary Fibre (AOAC),PCT_M-M,15
6414131,21/07/2014 13:34,DIET020393,JDSOUZA,SRM55N,Dietary Fibre (AOAC),PCT_M-M,14.36
5902638,28/01/2014 13:46,DIET020393,LGONG,SRM55M,Dietary Fibre (AOAC),PCT_M-M,15.02
6423530,24/07/2014 11:05,DIET020393,LLE,SRM55N,Dietary Fibre (AOAC),PCT_M-M,16.63
6318110,17/06/2014 15:03,DIET020393,,SRM55M,Dietary Fibre (AOAC),,
6318110,17/06/2014 15:03,DIET020393,,SRM55M,Dietary Fibre - Insoluble,,
6474461,11/08/2014 11:49,DIET020393,,SRM55N,Dietary Fibre (AOAC),,
6474461,11/08/2014 11:49,DIET020393,,SRM55N,Dietary Fibre - Soluble,,
6474461,11/08/2014 11:49,DIET020393,,SRM55N,Dietary Fibre - Insoluble,,
6474461,11/08/2014 11:49,DIET020393,,SRM55N,Dietary Fibre (AOAC),,
6474461,11/08/2014 11:49,DIET020393,,SRM55N,Dietary Fibre - Soluble,,
6474461,11/08/2014 11:49,DIET020393,,SRM55N,Dietary Fibre - Insoluble,,
6474461,11/08/2014 11:49,DIET020393,,SRM55N,Dietary Fibre (AOAC),,
6537374,29/08/2014 13:06,DIET020393,JDSOUZA,SRM55N,Dietary Fibre (AOAC),PCT_M-M,15.96
6611135,22/09/2014 10:25,DIET020393,MHO,SRM55N,Dietary Fibre (AOAC),PCT_M-M,16.11
6652958,3/10/2014 13:35,DIET020393,,SRM55N,Dietary Fibre (AOAC),,
6652958,3/10/2014 13:35,DIET020393,,SRM55N,Dietary Fibre - Soluble,,
6652958,3/10/2014 13:35,DIET020393,,SRM55N,Dietary Fibre - Insoluble,,
6652958,3/10/2014 13:35,DIET020393,,SRM55N,Dietary Fibre (AOAC),,
6652958,3/10/2014 13:35,DIET020393,,SRM55N,Dietary Fibre - Soluble,,
6652958,3/10/2014 13:35,DIET020393,,SRM55N,Dietary Fibre - Insoluble,,
6652958,3/10/2014 13:35,DIET020393,,SRM55N,Dietary Fibre (AOAC),,
6655157,4/10/2014 9:37,DIET020393,KLU,SRM55N,Dietary Fibre (AOAC),PCT_M-M,15.49
6774753,8/11/2014 8:46,DIET020393,MDONAL,SRM55N,Dietary Fibre (AOAC),PCT_M-M,16.2
6318110,17/06/2014 15:03,DIET020393,,SRM55M,Dietary Fibre - Soluble,,
6318110,17/06/2014 15:03,DIET020393,,SRM55M,Dietary Fibre (AOAC),,
6318110,17/06/2014 15:03,DIET020393,,SRM55M,Dietary Fibre - Insoluble,,
6318110,17/06/2014 15:03,DIET020393,,SRM55M,Dietary Fibre - Soluble,,
6318110,17/06/2014 15:03,DIET020393,,SRM55M,Dietary Fibre (AOAC),,
6293765,10/06/2014 8:50,DIET020393,KLU,SRM55M,Dietary Fibre (AOAC),PCT_M-M,13.89
6051905,19/03/2014 8:51,DIET020393,,SRM55M,Dietary Fibre - Insoluble,,
6051905,19/03/2014 8:51,DIET020393,,SRM55M,Dietary Fibre - Soluble,,
6051905,19/03/2014 8:51,DIET020393,,SRM55M,Dietary Fibre (AOAC),,
6051905,19/03/2014 8:51,DIET020393,,SRM55M,Dietary Fibre - Insoluble,,
6051905,19/03/2014 8:51,DIET020393,,SRM55M,Dietary Fibre - Soluble,,
6051905,19/03/2014 8:51,DIET020393,,SRM55M,Dietary Fibre (AOAC),,
5927906,5/02/2014 13:26,DIET020393,JDSOUZA,SRM55M,Dietary Fibre (AOAC),PCT_M-M,14.79
6431652,27/07/2014 8:12,DIET020393,HRAMADAN,SRM55N,Dietary Fibre (AOAC),PCT_M-M,15.9
5881812,21/01/2014 10:29,DIET020393,,SRM55M,Dietary Fibre (AOAC),,
5881812,21/01/2014 10:29,DIET020393,,SRM55M,Dietary Fibre - Insoluble,,
5881812,21/01/2014 10:29,DIET020393,,SRM55M,Dietary Fibre - Soluble,,
5881812,21/01/2014 10:29,DIET020393,,SRM55M,Dietary Fibre (AOAC),,
5881812,21/01/2014 10:29,DIET020393,,SRM55M,Dietary Fibre - Insoluble,,
5881812,21/01/2014 10:29,DIET020393,,SRM55M,Dietary Fibre - Soluble,,
5881812,21/01/2014 10:29,DIET020393,,SRM55M,Dietary Fibre (AOAC),,
5867163,16/01/2014 10:41,DIET020393,HRAMADAN,SRM55M,Dietary Fibre (AOAC),PCT_M-M,14.4
6456690,5/08/2014 10:19,DIET020393,BTAN,SRM55N,Dietary Fibre (AOAC),PCT_M-M,15.95
6467620,8/08/2014 8:39,DIET020393,MDONAL,SRM55N,Dietary Fibre (AOAC),PCT_M-M,15.84
6896417,12/12/2014 9:39,DIET020393,MDONAL,SRM55N,Dietary Fibre (AOAC),PCT_M-M,15.66
7004926,19/01/2015 13:52,DIET020393,JDSOUZA,SRM55N,Dietary Fibre (AOAC),PCT_M-M,16.24
6989316,14/01/2015 10:48,DIET020393,LLE,SRM55N,Dietary Fibre (AOAC),PCT_M-M,15.55
7046731,2/02/2015 6:56,DIET020393,MDONAL,SRM55N,Dietary Fibre (AOAC),,
7046731,2/02/2015 6:56,DIET020393,MDONAL,SRM55N,Dietary Fibre - Soluble,,
7046731,2/02/2015 6:56,DIET020393,MDONAL,SRM55N,Dietary Fibre - Insoluble,,
5964756,18/02/2014 9:08,DIET020393,MDONAL,SRM55M,Dietary Fibre (AOAC),PCT_M-M,13.92
6045244,17/03/2014 11:25,DIET020393,MBUDIANTO,SRM55M,Dietary Fibre (AOAC),PCT_M-M,14.2
6110447,8/04/2014 11:39,DIET020393,BJLEE,SRM55M,Dietary Fibre (AOAC),PCT_M-M,16.64
6184485,5/05/2014 11:02,DIET020393,,SRM55M,Dietary Fibre (AOAC),,
6184485,5/05/2014 11:02,DIET020393,,SRM55M,Dietary Fibre - Soluble,,
6184485,5/05/2014 11:02,DIET020393,,SRM55M,Dietary Fibre - Insoluble,,
6184485,5/05/2014 11:02,DIET020393,,SRM55M,Dietary Fibre (AOAC),,
6184485,5/05/2014 11:02,DIET020393,,SRM55M,Dietary Fibre - Soluble,,
6184485,5/05/2014 11:02,DIET020393,,SRM55M,Dietary Fibre - Insoluble,,
6184485,5/05/2014 11:02,DIET020393,,SRM55M,Dietary Fibre (AOAC),,
6250138,26/05/2014 9:29,DIET020393,MDONAL,SRM55M,Dietary Fibre (AOAC),PCT_M-M,14.68
6255184,27/05/2014 14:12,DIET020393,JDSOUZA,SRM55M,Dietary Fibre (AOAC),PCT_M-M,14.3
6308257,13/06/2014 15:14,DIET020393,,SRM55M,Dietary Fibre (AOAC),,
6308257,13/06/2014 15:14,DIET020393,,SRM55M,Dietary Fibre - Soluble,,
6308257,13/06/2014 15:14,DIET020393,,SRM55M,Dietary Fibre - Insoluble,,
6308257,13/06/2014 15:14,DIET020393,,SRM55M,Dietary Fibre (AOAC),,
6347897,26/06/2014 15:25,DIET020393,MHO,SRM55N,Dietary Fibre (AOAC),PCT_M-M,14.91
6349033,27/06/2014 7:32,DIET020393,MDONAL,SRM55M,Dietary Fibre (AOAC),PCT_M-M,14.02
6361635,1/07/2014 19:21,DIET020393,HRAMADAN,SRM55N,Dietary Fibre (AOAC),PCT_M-M,14.27
6361637,1/07/2014 19:22,DIET020393,JDSOUZA,SRM55N,Dietary Fibre (AOAC),PCT_M-M,14.89
6373110,5/07/2014 7:33,DIET020393,,SRM55M,Dietary Fibre - Soluble,,
6373110,5/07/2014 7:33,DIET020393,,SRM55M,Dietary Fibre - Insoluble,,
6373110,5/07/2014 7:33,DIET020393,,SRM55M,Dietary Fibre (AOAC),,
6373110,5/07/2014 7:33,DIET020393,,SRM55M,Dietary Fibre (AOAC),,
6373110,5/07/2014 7:33,DIET020393,,SRM55M,Dietary Fibre - Insoluble,,
6373110,5/07/2014 7:33,DIET020393,,SRM55M,Dietary Fibre - Soluble,,
6373110,5/07/2014 7:33,DIET020393,,SRM55M,Dietary Fibre (AOAC),,
6026653,11/03/2014 10:21,DIET020393,FNUNES,SRM55M,Dietary Fibre (AOAC),PCT_M-M,14.23
6020801,7/03/2014 14:27,DIET020393,LGONG,SRM55M,Dietary Fibre (AOAC),PCT_M-M,14.64
5905253,29/01/2014 11:02,DIET020393,FNUNES,SRM55M,Dietary Fibre (AOAC),PCT_M-M,14.79
6385299,10/07/2014 9:23,DIET020393,,SRM5AA,Dietary Fibre (AOAC) [m/m],,
6385299,10/07/2014 9:23,DIET020393,,SRM5AA,Dietary Fibre - Soluble [m/m],,
6385299,10/07/2014 9:23,DIET020393,,SRM5AA,Dietary Fibre - Insoluble [m/m],,
6385299,10/07/2014 9:23,DIET020393,,SRM5AA,Dietary Fibre (AOAC) [m/v],,
6385299,10/07/2014 9:23,DIET020393,,SRM5AA,Dietary Fibre - Soluble [m/v],,
6385299,10/07/2014 9:23,DIET020393,,SRM5AA,Dietary Fibre - Insoluble [m/v],,
6385299,10/07/2014 9:23,DIET020393,,SRM5AA,Dietary Fibre (AOAC) [m/serve],,
5875971,19/01/2014 8:20,DIET020393,MDONAL,SRM55M,Dietary Fibre (AOAC),PCT_M-M,14.46
6395295,14/07/2014 13:45,DIET020393,,SRM55N,Dietary Fibre (AOAC) [m/m],,
6594375,16/09/2014 19:11,DIET020393,,SRM55N,Dietary Fibre - Insoluble,,
6594375,16/09/2014 19:11,DIET020393,,SRM55N,Dietary Fibre (AOAC),,
6594375,16/09/2014 19:11,DIET020393,,SRM55N,Dietary Fibre - Soluble,,
6594375,16/09/2014 19:11,DIET020393,,SRM55N,Dietary Fibre - Insoluble,,
6594375,16/09/2014 19:11,DIET020393,,SRM55N,Dietary Fibre (AOAC),,
6395295,14/07/2014 13:45,DIET020393,,SRM55N,Dietary Fibre - Soluble [m/m],,
6395295,14/07/2014 13:45,DIET020393,,SRM55N,Dietary Fibre - Insoluble [m/m],,
6395295,14/07/2014 13:45,DIET020393,,SRM55N,Dietary Fibre (AOAC) [m/v],,
6395295,14/07/2014 13:45,DIET020393,,SRM55N,Dietary Fibre - Soluble [m/v],,
6369732,4/07/2014 8:17,DIET020393,MDONAL,SRM55M,Dietary Fibre (AOAC),PCT_M-M,13.31
6308257,13/06/2014 15:14,DIET020393,,SRM55M,Dietary Fibre - Insoluble,,
6308257,13/06/2014 15:14,DIET020393,,SRM55M,Dietary Fibre - Soluble,,
6308257,13/06/2014 15:14,DIET020393,,SRM55M,Dietary Fibre (AOAC),,
6222296,16/05/2014 11:28,DIET020393,LLE,SRM55M,Dietary Fibre (AOAC),PCT_M-M,13.67
6100587,4/04/2014 7:54,DIET020393,MDONAL,SRM55M,Dietary Fibre (AOAC),PCT_M-M,14.63
6089700,1/04/2014 10:04,DIET020393,KLU,SRM55M,Dietary Fibre (AOAC),PCT_M-M,14.39
6060384,21/03/2014 10:35,DIET020393,,SRM55M,Dietary Fibre (AOAC),,
6060384,21/03/2014 10:35,DIET020393,,SRM55M,Dietary Fibre - Insoluble,,
6060384,21/03/2014 10:35,DIET020393,,SRM55M,Dietary Fibre - Soluble,,
6060384,21/03/2014 10:35,DIET020393,,SRM55M,Dietary Fibre (AOAC),,
6060384,21/03/2014 10:35,DIET020393,,SRM55M,Dietary Fibre - Insoluble,,
6060384,21/03/2014 10:35,DIET020393,,SRM55M,Dietary Fibre - Soluble,,
6060384,21/03/2014 10:35,DIET020393,,SRM55M,Dietary Fibre (AOAC),,
6702580,18/10/2014 8:57,DIET020393,HRAMADAN,SRM55N,Dietary Fibre (AOAC),PCT_M-M,16.6
6036611,13/03/2014 16:31,DIET020393,LGONG,SRM55M,Dietary Fibre (AOAC),PCT_M-M,14
6395295,14/07/2014 13:45,DIET020393,,SRM55N,Dietary Fibre - Insoluble [m/v],,
6395295,14/07/2014 13:45,DIET020393,,SRM55N,Dietary Fibre (AOAC) [m/serve],,
6594375,16/09/2014 19:11,DIET020393,,SRM55N,Dietary Fibre (AOAC),,
5881753,21/01/2014 10:21,DIET020393,MDONAL,SRM55M,Dietary Fibre (AOAC),PCT_M-M,14.46
6594375,16/09/2014 19:11,DIET020393,,SRM55N,Dietary Fibre - Soluble,,
6630650,26/09/2014 17:35,DIET020393,,SRM55N,Dietary Fibre (AOAC),,
6630650,26/09/2014 17:35,DIET020393,,SRM55N,Dietary Fibre - Soluble,,
6630650,26/09/2014 17:35,DIET020393,,SRM55N,Dietary Fibre - Insoluble,,
6630650,26/09/2014 17:35,DIET020393,,SRM55N,Dietary Fibre (AOAC),,
6630650,26/09/2014 17:35,DIET020393,,SRM55N,Dietary Fibre - Soluble,,
6630650,26/09/2014 17:35,DIET020393,,SRM55N,Dietary Fibre - Insoluble,,
6630650,26/09/2014 17:35,DIET020393,,SRM55N,Dietary Fibre (AOAC),,
6639138,30/09/2014 10:21,DIET020393,MDONAL,SRM55N,Dietary Fibre (AOAC),PCT_M-M,15.96
6840892,27/11/2014 9:23,DIET020393,,SRM55N,Dietary Fibre (AOAC),,
6925324,20/12/2014 9:07,DIET020393,MDONAL,SRM55N,Dietary Fibre (AOAC),PCT_M-M,17.1
6960654,5/01/2015 12:50,DIET020393,JDSOUZA,SRM55N,Dietary Fibre (AOAC),PCT_M-M,16.31
7046731,2/02/2015 6:56,DIET020393,MDONAL,SRM55N,Dietary Fibre (AOAC),,
7046731,2/02/2015 6:56,DIET020393,MDONAL,SRM55N,Dietary Fibre - Soluble,,
7046731,2/02/2015 6:56,DIET020393,MDONAL,SRM55N,Dietary Fibre - Insoluble,,
7046731,2/02/2015 6:56,DIET020393,MDONAL,SRM55N,Dietary Fibre (AOAC),,
5941153,10/02/2014 14:09,DIET020393,LGONG,SRM55M,Dietary Fibre (AOAC),PCT_M-M,14.35
6039208,14/03/2014 11:55,DIET020393,BJLEE,SRM55M,Dietary Fibre (AOAC),PCT_M-M,14.2
6060399,21/03/2014 10:37,DIET020393,,SRM55M,Dietary Fibre (AOAC),,
6060399,21/03/2014 10:37,DIET020393,,SRM55M,Dietary Fibre - Soluble,,
6060399,21/03/2014 10:37,DIET020393,,SRM55M,Dietary Fibre - Insoluble,,
6060399,21/03/2014 10:37,DIET020393,,SRM55M,Dietary Fibre (AOAC),,
6060399,21/03/2014 10:37,DIET020393,,SRM55M,Dietary Fibre - Soluble,,
6060399,21/03/2014 10:37,DIET020393,,SRM55M,Dietary Fibre - Insoluble,,
6060399,21/03/2014 10:37,DIET020393,,SRM55M,Dietary Fibre (AOAC),,
6280535,4/06/2014 14:23,DIET020393,LLE,SRM55M,Dietary Fibre (AOAC),PCT_M-M,13.79
6361641,1/07/2014 19:25,DIET020393,MHO,SRM55N,Dietary Fibre (AOAC),PCT_M-M,15.33
6364581,2/07/2014 15:06,DIET020393,JDSOUZA,SRM55M,Dietary Fibre (AOAC),PCT_M-M,16.91
6381612,9/07/2014 8:13,DIET020393,KLU,SRM55M,Dietary Fibre - Insoluble,,
6381612,9/07/2014 8:13,DIET020393,KLU,SRM55M,Dietary Fibre (AOAC),,
6385824,10/07/2014 10:43,DIET020393,LLE,SRM55N,Dietary Fibre (AOAC),PCT_M-M,13.98
6381612,9/07/2014 8:13,DIET020393,KLU,SRM55M,Dietary Fibre - Soluble,,
6381612,9/07/2014 8:13,DIET020393,KLU,SRM55M,Dietary Fibre (AOAC),,
6453008,4/08/2014 8:27,DIET020393,,SRM55N,Dietary Fibre (AOAC),PCT_M-M,
6472392,10/08/2014 8:49,DIET020393,HRAMADAN,SRM55N,Dietary Fibre (AOAC),PCT_M-M,15.72
6381612,9/07/2014 8:13,DIET020393,KLU,SRM55M,Dietary Fibre - Insoluble,,
6381612,9/07/2014 8:13,DIET020393,KLU,SRM55M,Dietary Fibre - Soluble,,
6381612,9/07/2014 8:13,DIET020393,KLU,SRM55M,Dietary Fibre (AOAC),,
6318103,17/06/2014 15:01,DIET020393,,SRM55M,Dietary Fibre (AOAC),,
6318103,17/06/2014 15:01,DIET020393,,SRM55M,Dietary Fibre - Insoluble,,
6318103,17/06/2014 15:01,DIET020393,,SRM55M,Dietary Fibre - Soluble,,
6318103,17/06/2014 15:01,DIET020393,,SRM55M,Dietary Fibre (AOAC),,
6318103,17/06/2014 15:01,DIET020393,,SRM55M,Dietary Fibre - Insoluble,,
6318103,17/06/2014 15:01,DIET020393,,SRM55M,Dietary Fibre - Soluble,,
6318103,17/06/2014 15:01,DIET020393,,SRM55M,Dietary Fibre (AOAC),,
6286620,6/06/2014 10:16,DIET020393,MDONAL,SRM55M,Dietary Fibre (AOAC),PCT_M-M,14.5
5871429,17/01/2014 11:06,DIET020393,MBUDIANTO,SRM55M,Dietary Fibre (AOAC),PCT_M-M,13.91
6419133,23/07/2014 8:47,DIET020393,KLU,SRM55N,Dietary Fibre (AOAC),PCT_M-M,15.25
6440358,30/07/2014 10:13,DIET020393,MHO,SRM55N,Dietary Fibre (AOAC),PCT_M-M,15.43
6787809,12/11/2014 12:11,DIET020393,KLU,SRM55N,Dietary Fibre (AOAC),PCT_M-M,16.3
6803249,17/11/2014 11:33,DIET020393,BJLEE,SRM55N,Dietary Fibre (AOAC),PCT_M-M,16.09
6835106,25/11/2014 20:46,DIET020393,JDSOUZA,SRM55N,Dietary Fibre (AOAC),PCT_M-M,15.53
6567001,8/09/2014 15:39,DIET020393,JDSOUZA,SRM55N,Dietary Fibre (AOAC),PCT_M-M,16.13
6612111,22/09/2014 13:33,DIET020393,,SRM55N,Dietary Fibre (AOAC),,
6612111,22/09/2014 13:33,DIET020393,,SRM55N,Dietary Fibre - Soluble,,
6612111,22/09/2014 13:33,DIET020393,,SRM55N,Dietary Fibre - Insoluble,,
6329186,20/06/2014 10:43,DIET020393,MHO,SRM55M,Dietary Fibre (AOAC),PCT_M-M,14.3
6612111,22/09/2014 13:33,DIET020393,,SRM55N,Dietary Fibre (AOAC),,
6612111,22/09/2014 13:33,DIET020393,,SRM55N,Dietary Fibre - Soluble,,
6612111,22/09/2014 13:33,DIET020393,,SRM55N,Dietary Fibre - Insoluble,,
6612111,22/09/2014 13:33,DIET020393,,SRM55N,Dietary Fibre (AOAC),,
6631245,27/09/2014 7:33,DIET020393,MDONAL,SRM55N,Dietary Fibre (AOAC),PCT_M-M,16.56
6293771,10/06/2014 8:51,DIET020393,,SRM55M,Dietary Fibre (AOAC),,
6293771,10/06/2014 8:51,DIET020393,,SRM55M,Dietary Fibre - Insoluble,,
6293771,10/06/2014 8:51,DIET020393,,SRM55M,Dietary Fibre - Soluble,,
6293771,10/06/2014 8:51,DIET020393,,SRM55M,Dietary Fibre (AOAC),,
6293771,10/06/2014 8:51,DIET020393,,SRM55M,Dietary Fibre - Insoluble,,
6293771,10/06/2014 8:51,DIET020393,,SRM55M,Dietary Fibre - Soluble,,
6293771,10/06/2014 8:51,DIET020393,,SRM55M,Dietary Fibre (AOAC),,
6239488,22/05/2014 9:06,DIET020393,HRAMADAN,SRM55M,Dietary Fibre (AOAC),PCT_M-M,14.23
6232672,20/05/2014 13:18,DIET020393,BJLEE,SRM55M,Dietary Fibre (AOAC),PCT_M-M,14.7
6757158,3/11/2014 11:17,DIET020393,BJLEE,SRM55N,Dietary Fibre (AOAC),PCT_M-M,15.8
6765013,5/11/2014 15:11,DIET020393,JDSOUZA,SRM55N,Dietary Fibre (AOAC),PCT_M-M,16.02
6849074,29/11/2014 7:54,DIET020393,MDONAL,SRM55N,Dietary Fibre (AOAC),PCT_M-M,15.9
6704981,19/10/2014 8:41,DIET020393,HRAMADAN,SRM55N,Dietary Fibre (AOAC),PCT_M-M,16.2
6708857,20/10/2014 15:42,DIET020393,JDSOUZA,SRM55N,Dietary Fibre (AOAC),PCT_M-M,16.25
6720072,23/10/2014 9:52,DIET020393,MDONAL,SRM55N,Dietary Fibre (AOAC),PCT_M-M,15.63
6881397,8/12/2014 17:27,DIET020393,JDSOUZA,SRM55N,Dietary Fibre (AOAC),PCT_M-M,16.3
6928226,21/12/2014 15:01,DIET020393,MHO,SRM55N,Dietary Fibre (AOAC),PCT_M-M,16.88
6958260,4/01/2015 9:29,DIET020393,HRAMADAN,SRM55N,Dietary Fibre (AOAC),PCT_M-M,16.38
7036675,29/01/2015 11:17,DIET020393,BJLEE,SRM55N,Dietary Fibre (AOAC),PCT_M-M,16.89
7023215,24/01/2015 8:57,DIET020393,HRAMADAN,SRM55N,Dietary Fibre (AOAC),PCT_M-M,16.1
6647621,2/10/2014 11:32,DIET020393,LLE,SRM55N,Dietary Fibre (AOAC),PCT_M-M,15.7
6663597,7/10/2014 16:03,DIET020393,MHO,SRM55N,Dietary Fibre (AOAC),PCT_M-M,15.58
6698400,17/10/2014 7:38,DIET020393,MDONAL,SRM55N,Dietary Fibre (AOAC),PCT_M-M,"no result, invalid ash"
6791856,13/11/2014 11:06,DIET020393,MHO,SRM55N,Dietary Fibre (AOAC),PCT_M-M,16.65
6840892,27/11/2014 9:23,DIET020393,,SRM55N,Dietary Fibre (AOAC),,
6840892,27/11/2014 9:23,DIET020393,,SRM55N,Dietary Fibre - Soluble,,
6840892,27/11/2014 9:23,DIET020393,,SRM55N,Dietary Fibre - Insoluble,,
6840892,27/11/2014 9:23,DIET020393,,SRM55N,Dietary Fibre (AOAC),,
6840892,27/11/2014 9:23,DIET020393,,SRM55N,Dietary Fibre - Soluble,,
6840892,27/11/2014 9:23,DIET020393,,SRM55N,Dietary Fibre - Insoluble,,
7016599,22/01/2015 11:09,DIET020393,LLE,SRM55N,Dietary Fibre (AOAC),PCT_M-M,17.08
6632652,27/09/2014 14:14,DIET020393,,SRM55N,Dietary Fibre (AOAC),,
6632652,27/09/2014 14:14,DIET020393,,SRM55N,Dietary Fibre - Soluble,,
6632652,27/09/2014 14:14,DIET020393,,SRM55N,Dietary Fibre - Insoluble,,
6632652,27/09/2014 14:14,DIET020393,,SRM55N,Dietary Fibre (AOAC),,
6632652,27/09/2014 14:14,DIET020393,,SRM55N,Dietary Fibre - Soluble,,
6632652,27/09/2014 14:14,DIET020393,,SRM55N,Dietary Fibre - Insoluble,,
6632652,27/09/2014 14:14,DIET020393,,SRM55N,Dietary Fibre (AOAC),,
6335242,23/06/2014 10:56,DIET020393,BJLEE,SRM55M,Dietary Fibre (AOAC),PCT_M-M,13.78
6253367,27/05/2014 9:49,DIET020393,BJLEE,SRM55M,Dietary Fibre (AOAC),PCT_M-M,14.2
6226612,18/05/2014 9:23,DIET020393,HRAMADAN,SRM55M,Dietary Fibre (AOAC),PCT_M-M,13.88
6206190,12/05/2014 11:04,DIET020393,LLE,SRM55M,Dietary Fibre (AOAC),PCT_M-M,14.79
6191665,7/05/2014 10:02,DIET020393,BTAN,SRM55M,Dietary Fibre (AOAC),PCT_M-M,14.82
6166580,29/04/2014 11:09,DIET020393,FNUNES,SRM55M,Dietary Fibre (AOAC),PCT_M-M,14.27
6121071,11/04/2014 9:18,DIET020393,HRAMADAN,SRM55M,Dietary Fibre (AOAC),PCT_M-M,14.9
6052702,19/03/2014 10:33,DIET020393,KLU,SRM55M,Dietary Fibre (AOAC),PCT_M-M,13.85
6019244,7/03/2014 10:24,DIET020393,BJLEE,SRM55M,Dietary Fibre (AOAC),PCT_M-M,14.45
5971263,19/02/2014 15:34,DIET020393,LGONG,SRM55M,Dietary Fibre (AOAC),PCT_M-M,14.9
5949401,12/02/2014 14:48,DIET020393,,SRM55M,Dietary Fibre (AOAC),,
5949401,12/02/2014 14:48,DIET020393,,SRM55M,Dietary Fibre - Insoluble,,
5949401,12/02/2014 14:48,DIET020393,,SRM55M,Dietary Fibre - Soluble,,
5949401,12/02/2014 14:48,DIET020393,,SRM55M,Dietary Fibre (AOAC),,
5949401,12/02/2014 14:48,DIET020393,,SRM55M,Dietary Fibre - Insoluble,,
5949401,12/02/2014 14:48,DIET020393,,SRM55M,Dietary Fibre - Soluble,,
5949401,12/02/2014 14:48,DIET020393,,SRM55M,Dietary Fibre (AOAC),,
5937103,8/02/2014 8:31,DIET020393,KLU,SRM55M,Dietary Fibre (AOAC),PCT_M-M,14.2
5883523,21/01/2014 15:27,DIET020393,MDONAL,SRM55M,Dietary Fibre (AOAC),PCT_M-M,14.27
6488245,15/08/2014 7:49,DIET020393,,SRM55N,Dietary Fibre (AOAC),,
7031082,28/01/2015 8:23,DIET020393,,SRM55N,Dietary Fibre (AOAC),,
6488245,15/08/2014 7:49,DIET020393,,SRM55N,Dietary Fibre - Insoluble,,
6488245,15/08/2014 7:49,DIET020393,,SRM55N,Dietary Fibre - Soluble,,
6488245,15/08/2014 7:49,DIET020393,,SRM55N,Dietary Fibre (AOAC),,
6394253,14/07/2014 9:13,DIET020393,MDONAL,SRM55N,Dietary Fibre (AOAC),PCT_M-M,15.1
6388671,11/07/2014 8:14,DIET020393,MDONAL,SRM55N,Dietary Fibre (AOAC),PCT_M-M,15.73
6488245,15/08/2014 7:49,DIET020393,,SRM55N,Dietary Fibre - Soluble,,
6488245,15/08/2014 7:49,DIET020393,,SRM55N,Dietary Fibre - Insoluble,,
6488245,15/08/2014 7:49,DIET020393,,SRM55N,Dietary Fibre (AOAC),,
6523390,26/08/2014 10:44,DIET020393,BJLEE,SRM55N,Dietary Fibre (AOAC),PCT_M-M,Equipment Failure - no result
7031082,28/01/2015 8:23,DIET020393,,SRM55N,Dietary Fibre (AOAC),,
7031082,28/01/2015 8:23,DIET020393,,SRM55N,Dietary Fibre - Soluble,,
7031082,28/01/2015 8:23,DIET020393,,SRM55N,Dietary Fibre - Insoluble,,
7031082,28/01/2015 8:23,DIET020393,,SRM55N,Dietary Fibre (AOAC),,
7031082,28/01/2015 8:23,DIET020393,,SRM55N,Dietary Fibre - Soluble,,
7031082,28/01/2015 8:23,DIET020393,,SRM55N,Dietary Fibre - Insoluble,,
7046007,1/02/2015 11:16,DIET020393,JDSOUZA,SRM55N,Dietary Fibre (AOAC),PCT_M-M,16.4
6514015,22/08/2014 13:08,DIET020393,JDSOUZA,SRM55N,Dietary Fibre (AOAC),PCT_M-M,16.43
6615212,23/09/2014 11:22,DIET020393,MDONAL,SRM55N,Dietary Fibre (AOAC),PCT_M-M,16.25
6669675,9/10/2014 10:08,DIET020393,JDSOUZA,SRM55N,Dietary Fibre (AOAC),PCT_M-M,16.1
6695883,16/10/2014 11:55,DIET020393,BJLEE,SRM55N,Dietary Fibre (AOAC),PCT_M-M,16.09
6782938,11/11/2014 11:26,DIET020393,LLE,SRM55N,Dietary Fibre (AOAC),PCT_M-M,16.79
6916300,18/12/2014 9:20,DIET020393,BJLEE,SRM55N,Dietary Fibre (AOAC),PCT_M-M,16.6
6600670,18/09/2014 12:20,DIET020393,JDSOUZA,SRM55N,Dietary Fibre (AOAC),PCT_M-M,15.63
6626857,26/09/2014 9:04,DIET020393,HRAMADAN,SRM55N,Dietary Fibre (AOAC),PCT_M-M,15.61
6658496,6/10/2014 10:23,DIET020393,MHO,SRM55N,Dietary Fibre (AOAC),PCT_M-M,16.35
6251740,26/05/2014 15:08,DIET020393,,SRM55M,Dietary Fibre (AOAC),,
6251740,26/05/2014 15:08,DIET020393,,SRM55M,Dietary Fibre - Insoluble,,
6251740,26/05/2014 15:08,DIET020393,,SRM55M,Dietary Fibre - Soluble,,
6308292,13/06/2014 15:24,DIET020393,JDSOUZA,SRM55M,Dietary Fibre (AOAC),PCT_M-M,14.12
6251740,26/05/2014 15:08,DIET020393,,SRM55M,Dietary Fibre (AOAC),,
6251740,26/05/2014 15:08,DIET020393,,SRM55M,Dietary Fibre - Insoluble,,
6251740,26/05/2014 15:08,DIET020393,,SRM55M,Dietary Fibre - Soluble,,
6251740,26/05/2014 15:08,DIET020393,,SRM55M,Dietary Fibre (AOAC),,
6150610,22/04/2014 17:02,DIET020393,,SRM55M,Dietary Fibre (AOAC),,
6132211,15/04/2014 10:46,DIET020393,FNUNES,SRM55M,Dietary Fibre (AOAC),PCT_M-M,14.04
6046943,17/03/2014 17:05,DIET020393,JDSOUZA,SRM55M,Dietary Fibre (AOAC),PCT_M-M,14.19
5964770,18/02/2014 9:14,DIET020393,,SRM55M,Dietary Fibre (AOAC),,
5964770,18/02/2014 9:14,DIET020393,,SRM55M,Dietary Fibre - Insoluble,,
5964770,18/02/2014 9:14,DIET020393,,SRM55M,Dietary Fibre - Soluble,,
5964770,18/02/2014 9:14,DIET020393,,SRM55M,Dietary Fibre (AOAC),,
5964770,18/02/2014 9:14,DIET020393,,SRM55M,Dietary Fibre - Insoluble,,
5964770,18/02/2014 9:14,DIET020393,,SRM55M,Dietary Fibre - Soluble,,
5964770,18/02/2014 9:14,DIET020393,,SRM55M,Dietary Fibre (AOAC),,
5852493,11/01/2014 7:49,DIET020393,MDONAL,SRM55M,Dietary Fibre (AOAC),PCT_M-M,14.84
5827193,2/01/2014 10:24,DIET020393,MHO,SRM55M,Dietary Fibre (AOAC),PCT_M-M,14.15
6314043,16/06/2014 15:37,DIET020393,JDSOUZA,SRM55M,Dietary Fibre (AOAC),PCT_M-M,12.6
6150610,22/04/2014 17:02,DIET020393,,SRM55M,Dietary Fibre (AOAC),,
6150610,22/04/2014 17:02,DIET020393,,SRM55M,Dietary Fibre - Insoluble,,
6150610,22/04/2014 17:02,DIET020393,,SRM55M,Dietary Fibre - Soluble,,
6150610,22/04/2014 17:02,DIET020393,,SRM55M,Dietary Fibre (AOAC),,
6150610,22/04/2014 17:02,DIET020393,,SRM55M,Dietary Fibre - Insoluble,,
6150610,22/04/2014 17:02,DIET020393,,SRM55M,Dietary Fibre - Soluble,,
6266865,30/05/2014 13:23,DIET020393,JDSOUZA,SRM55M,Dietary Fibre (AOAC),PCT_M-M,14.36
6302362,12/06/2014 10:50,DIET020393,BTAN,SRM55M,Dietary Fibre (AOAC),PCT_M-M,13.55
6358364,1/07/2014 9:00,DIET020393,,SRM55N,Dietary Fibre (AOAC),,
6358364,1/07/2014 9:00,DIET020393,,SRM55N,Dietary Fibre - Soluble,,
6358364,1/07/2014 9:00,DIET020393,,SRM55N,Dietary Fibre - Insoluble,,
6440473,30/07/2014 10:38,DIET020393,,SRM55N,Dietary Fibre (AOAC),,
6440473,30/07/2014 10:38,DIET020393,,SRM55N,Dietary Fibre - Insoluble,,
6440473,30/07/2014 10:38,DIET020393,,SRM55N,Dietary Fibre (AOAC),,
6453641,4/08/2014 10:43,DIET020393,BJLEE,SRM55N,Dietary Fibre (AOAC),PCT_M-M,15.37
6440473,30/07/2014 10:38,DIET020393,,SRM55N,Dietary Fibre - Soluble,,
6405241,17/07/2014 14:06,DIET020393,,SRM55N,Dietary Fibre - Soluble,,
6526877,27/08/2014 9:08,DIET020393,BJLEE,SRM55N,Dietary Fibre (AOAC),PCT_M-M,Equipment Failure - no result
6440473,30/07/2014 10:38,DIET020393,,SRM55N,Dietary Fibre - Insoluble,,
6440473,30/07/2014 10:38,DIET020393,,SRM55N,Dietary Fibre (AOAC),,
6440473,30/07/2014 10:38,DIET020393,,SRM55N,Dietary Fibre - Soluble,,
6358364,1/07/2014 9:00,DIET020393,,SRM55N,Dietary Fibre (AOAC),,
6405241,17/07/2014 14:06,DIET020393,,SRM55N,Dietary Fibre - Insoluble,,
6405241,17/07/2014 14:06,DIET020393,,SRM55N,Dietary Fibre (AOAC),,
6405241,17/07/2014 14:06,DIET020393,,SRM55N,Dietary Fibre - Soluble,,
6405241,17/07/2014 14:06,DIET020393,,SRM55N,Dietary Fibre - Insoluble,,
6405241,17/07/2014 14:06,DIET020393,,SRM55N,Dietary Fibre (AOAC),,
6420603,23/07/2014 13:37,DIET020393,JDSOUZA,SRM55N,Dietary Fibre (AOAC),PCT_M-M,15
6358364,1/07/2014 9:00,DIET020393,,SRM55N,Dietary Fibre - Soluble,,
6358364,1/07/2014 9:00,DIET020393,,SRM55N,Dietary Fibre - Insoluble,,
6358364,1/07/2014 9:00,DIET020393,,SRM55N,Dietary Fibre (AOAC),,
6375562,7/07/2014 9:12,DIET020393,,SRM55N,Dietary Fibre (AOAC),,
6375562,7/07/2014 9:12,DIET020393,,SRM55N,Dietary Fibre - Soluble,,
6375562,7/07/2014 9:12,DIET020393,,SRM55N,Dietary Fibre - Insoluble,,
6375562,7/07/2014 9:12,DIET020393,,SRM55N,Dietary Fibre (AOAC),,
6375562,7/07/2014 9:12,DIET020393,,SRM55N,Dietary Fibre - Soluble,,
6375562,7/07/2014 9:12,DIET020393,,SRM55N,Dietary Fibre - Insoluble,,
6375562,7/07/2014 9:12,DIET020393,,SRM55N,Dietary Fibre (AOAC),,
6383299,9/07/2014 13:53,DIET020393,JDSOUZA,SRM55N,Dietary Fibre (AOAC),PCT_M-M,15.7
6405241,17/07/2014 14:06,DIET020393,,SRM55N,Dietary Fibre (AOAC),,
6453006,4/08/2014 8:26,DIET020393,MDONAL,SRM55N,Dietary Fibre (AOAC),PCT_M-M,15.96
6480935,13/08/2014 9:21,DIET020393,MHO,SRM55N,Dietary Fibre (AOAC),PCT_M-M,15.63
6588246,15/09/2014 10:43,DIET020393,MHO,SRM55N,Dietary Fibre (AOAC),PCT_M-M,16
6992050,15/01/2015 8:57,DIET020393,MHO,SRM55N,Dietary Fibre (AOAC),PCT_M-M,15.9
7000624,17/01/2015 9:04,DIET020393,MDONAL,SRM55N,Dietary Fibre (AOAC),PCT_M-M,16.91
6678408,11/10/2014 7:55,DIET020393,HRAMADAN,SRM55N,Dietary Fibre (AOAC),PCT_M-M,16.32
6678508,11/10/2014 8:13,DIET020393,KLU,SRM55N,Dietary Fibre (AOAC),PCT_M-M,16.38
6738675,28/10/2014 15:40,DIET020393,BJLEE,SRM55N,Dietary Fibre (AOAC),PCT_M-M,15.52
6747664,30/10/2014 14:53,DIET020393,BTAN,SRM55N,Dietary Fibre (AOAC),PCT_M-M,16.1
6778852,10/11/2014 11:19,DIET020393,BJLEE,SRM55N,Dietary Fibre (AOAC),PCT_M-M,16.11
6826029,23/11/2014 7:53,DIET020393,MHO,SRM55N,Dietary Fibre (AOAC),PCT_M-M,16.85
6839248,26/11/2014 16:15,DIET020393,JDSOUZA,SRM55N,Dietary Fibre (AOAC),PCT_M-M,15.96
6924315,19/12/2014 16:04,DIET020393,BTAN,SRM55N,Dietary Fibre (AOAC),PCT_M-M,16.08
6947179,30/12/2014 7:00,DIET020393,,SRM55N,Dietary Fibre (AOAC),,
6947179,30/12/2014 7:00,DIET020393,,SRM55N,Dietary Fibre - Soluble,,
6947179,30/12/2014 7:00,DIET020393,,SRM55N,Dietary Fibre - Insoluble,,
6947179,30/12/2014 7:00,DIET020393,,SRM55N,Dietary Fibre (AOAC),,
6947179,30/12/2014 7:00,DIET020393,,SRM55N,Dietary Fibre - Soluble,,
6947179,30/12/2014 7:00,DIET020393,,SRM55N,Dietary Fibre - Insoluble,,
6947179,30/12/2014 7:00,DIET020393,,SRM55N,Dietary Fibre (AOAC),,
6947394,30/12/2014 8:27,DIET020393,,SRM55N,Dietary Fibre (AOAC),,
6947394,30/12/2014 8:27,DIET020393,,SRM55N,Dietary Fibre - Soluble,,
6947394,30/12/2014 8:27,DIET020393,,SRM55N,Dietary Fibre - Insoluble,,
6947394,30/12/2014 8:27,DIET020393,,SRM55N,Dietary Fibre (AOAC),,
6947394,30/12/2014 8:27,DIET020393,,SRM55N,Dietary Fibre - Soluble,,
6947394,30/12/2014 8:27,DIET020393,,SRM55N,Dietary Fibre - Insoluble,,
6947394,30/12/2014 8:27,DIET020393,,SRM55N,Dietary Fibre (AOAC),,
6315253,17/06/2014 8:37,DIET020393,,SRM55M,Dietary Fibre (AOAC),,
6274728,3/06/2014 9:28,DIET020393,MHO,SRM55M,Dietary Fibre (AOAC),PCT_M-M,13.47
6197550,8/05/2014 14:07,DIET020393,,SRM55M,Dietary Fibre (AOAC) [m/serve],,
6197550,8/05/2014 14:07,DIET020393,,SRM55M,Dietary Fibre - Insoluble [m/v],,
6197550,8/05/2014 14:07,DIET020393,,SRM55M,Dietary Fibre - Soluble [m/v],,
6197550,8/05/2014 14:07,DIET020393,,SRM55M,Dietary Fibre (AOAC) [m/v],,
6197550,8/05/2014 14:07,DIET020393,,SRM55M,Dietary Fibre - Insoluble [m/m],,
6197550,8/05/2014 14:07,DIET020393,,SRM55M,Dietary Fibre - Soluble [m/m],,
6197550,8/05/2014 14:07,DIET020393,,SRM55M,Dietary Fibre (AOAC) [m/m],,
6151324,23/04/2014 8:42,DIET020393,KLU,SRM55M,Dietary Fibre (AOAC),PCT_M-M,14.3
6108370,7/04/2014 15:26,DIET020393,,SRM55M,Dietary Fibre (AOAC),,
6108370,7/04/2014 15:26,DIET020393,,SRM55M,Dietary Fibre - Insoluble,,
6108370,7/04/2014 15:26,DIET020393,,SRM55M,Dietary Fibre - Soluble,,
6108370,7/04/2014 15:26,DIET020393,,SRM55M,Dietary Fibre (AOAC),,
6108370,7/04/2014 15:26,DIET020393,,SRM55M,Dietary Fibre - Insoluble,,
6108370,7/04/2014 15:26,DIET020393,,SRM55M,Dietary Fibre - Soluble,,
6108370,7/04/2014 15:26,DIET020393,,SRM55M,Dietary Fibre (AOAC),,
6031660,12/03/2014 13:46,DIET020393,LGONG,SRM55M,Dietary Fibre (AOAC),PCT_M-M,14.7
6013544,5/03/2014 16:03,DIET020393,LGONG,SRM55M,Dietary Fibre (AOAC),PCT_M-M,14.59
5987238,25/02/2014 11:44,DIET020393,FNUNES,SRM55M,Dietary Fibre (AOAC),PCT_M-M,16.43
5982260,23/02/2014 11:11,DIET020393,FNUNES,SRM55M,Dietary Fibre (AOAC),PCT_M-M,14.79
5914608,31/01/2014 13:40,DIET020393,LGONG,SRM55M,Dietary Fibre (AOAC),PCT_M-M,13.77
5896807,25/01/2014 8:18,DIET020393,MDONAL,SRM55M,Dietary Fibre (AOAC),PCT_M-M,14.38
5858703,14/01/2014 8:59,DIET020393,BTAN,SRM55M,Dietary Fibre (AOAC),PCT_M-M,14.82
5835141,6/01/2014 10:24,DIET020393,BJLEE,SRM55M,Dietary Fibre (AOAC),PCT_M-M,13.8
6315253,17/06/2014 8:37,DIET020393,,SRM55M,Dietary Fibre - Soluble,,
6354327,29/06/2014 8:41,DIET020393,,SRM55N,Dietary Fibre - Insoluble,,
6354327,29/06/2014 8:41,DIET020393,,SRM55N,Dietary Fibre (AOAC),,
6358356,1/07/2014 8:57,DIET020393,KLU,SRM55M,Dietary Fibre (AOAC),PCT_M-M,14.23
6361632,1/07/2014 19:19,DIET020393,JDSOUZA,SRM55N,Dietary Fibre (AOAC),PCT_M-M,15.6
6361649,1/07/2014 19:33,DIET020393,KLU,SRM55N,Dietary Fibre (AOAC),PCT_M-M,15.5
6488214,15/08/2014 7:45,DIET020393,MDONAL,SRM55N,Dietary Fibre (AOAC),PCT_M-M,16.13
6490184,15/08/2014 11:11,DIET020393,BTAN,SRM55N,Dietary Fibre (AOAC),PCT_M-M,15.08
6315253,17/06/2014 8:37,DIET020393,,SRM55M,Dietary Fibre - Insoluble,,
6315253,17/06/2014 8:37,DIET020393,,SRM55M,Dietary Fibre (AOAC),,
6315253,17/06/2014 8:37,DIET020393,,SRM55M,Dietary Fibre - Soluble,,
6315253,17/06/2014 8:37,DIET020393,,SRM55M,Dietary Fibre - Insoluble,,
6315253,17/06/2014 8:37,DIET020393,,SRM55M,Dietary Fibre (AOAC),,
6330395,20/06/2014 13:28,DIET020393,,SRM55M,Dietary Fibre (AOAC),,
6330395,20/06/2014 13:28,DIET020393,,SRM55M,Dietary Fibre - Soluble,,
6330395,20/06/2014 13:28,DIET020393,,SRM55M,Dietary Fibre - Insoluble,,
6330395,20/06/2014 13:28,DIET020393,,SRM55M,Dietary Fibre (AOAC),,
6330395,20/06/2014 13:28,DIET020393,,SRM55M,Dietary Fibre - Soluble,,
6330395,20/06/2014 13:28,DIET020393,,SRM55M,Dietary Fibre - Insoluble,,
6330395,20/06/2014 13:28,DIET020393,,SRM55M,Dietary Fibre (AOAC),,
6351319,27/06/2014 14:28,DIET020393,,SRM55N,Dietary Fibre (AOAC),,
6351319,27/06/2014 14:28,DIET020393,,SRM55N,Dietary Fibre - Soluble,,
6351319,27/06/2014 14:28,DIET020393,,SRM55N,Dietary Fibre - Insoluble,,
6351319,27/06/2014 14:28,DIET020393,,SRM55N,Dietary Fibre (AOAC),,
6351319,27/06/2014 14:28,DIET020393,,SRM55N,Dietary Fibre - Soluble,,
6351319,27/06/2014 14:28,DIET020393,,SRM55N,Dietary Fibre - Insoluble,,
6351319,27/06/2014 14:28,DIET020393,,SRM55N,Dietary Fibre (AOAC),,
6354327,29/06/2014 8:41,DIET020393,,SRM55N,Dietary Fibre (AOAC),,
6354327,29/06/2014 8:41,DIET020393,,SRM55N,Dietary Fibre - Soluble,,
6730244,26/10/2014 7:30,DIET020393,,SRM55N,Dietary Fibre (AOAC),,
6730244,26/10/2014 7:30,DIET020393,,SRM55N,Dietary Fibre - Soluble,,
6730244,26/10/2014 7:30,DIET020393,,SRM55N,Dietary Fibre - Insoluble,,
6730244,26/10/2014 7:30,DIET020393,,SRM55N,Dietary Fibre (AOAC),,
6730244,26/10/2014 7:30,DIET020393,,SRM55N,Dietary Fibre - Soluble,,
6730244,26/10/2014 7:30,DIET020393,,SRM55N,Dietary Fibre - Insoluble,,
6730244,26/10/2014 7:30,DIET020393,,SRM55N,Dietary Fibre (AOAC),,
6354327,29/06/2014 8:41,DIET020393,,SRM55N,Dietary Fibre - Insoluble,,
6354327,29/06/2014 8:41,DIET020393,,SRM55N,Dietary Fibre (AOAC),,
6354327,29/06/2014 8:41,DIET020393,,SRM55N,Dietary Fibre - Soluble,,
6526935,27/08/2014 9:12,DIET020393,,SRM55N,Dietary Fibre (AOAC),,
6947389,30/12/2014 8:24,DIET020393,MDONAL,SRM55N,Dietary Fibre (AOAC),PCT_M-M,No result. protein instrument failure.
6526935,27/08/2014 9:12,DIET020393,,SRM55N,Dietary Fibre - Soluble,,
6526935,27/08/2014 9:12,DIET020393,,SRM55N,Dietary Fibre - Insoluble,,
6526935,27/08/2014 9:12,DIET020393,,SRM55N,Dietary Fibre (AOAC),,
6526935,27/08/2014 9:12,DIET020393,,SRM55N,Dietary Fibre - Soluble,,
6526935,27/08/2014 9:12,DIET020393,,SRM55N,Dietary Fibre - Insoluble,,
6526935,27/08/2014 9:12,DIET020393,,SRM55N,Dietary Fibre (AOAC),,
6545719,2/09/2014 8:42,DIET020393,MDONAL,SRM55N,Dietary Fibre (AOAC),PCT_M-M,16.2
6552020,3/09/2014 14:18,DIET020393,JDSOUZA,SRM55N,Dietary Fibre (AOAC),PCT_M-M,15.68
7008068,20/01/2015 11:32,DIET020393,,SRM55N,Dietary Fibre (AOAC),,
7008068,20/01/2015 11:32,DIET020393,,SRM55N,Dietary Fibre - Soluble,,
7008068,20/01/2015 11:32,DIET020393,,SRM55N,Dietary Fibre - Insoluble,,
7008068,20/01/2015 11:32,DIET020393,,SRM55N,Dietary Fibre (AOAC),,
7008068,20/01/2015 11:32,DIET020393,,SRM55N,Dietary Fibre - Soluble,,
7008068,20/01/2015 11:32,DIET020393,,SRM55N,Dietary Fibre - Insoluble,,
7008068,20/01/2015 11:32,DIET020393,,SRM55N,Dietary Fibre (AOAC),,
7040092,30/01/2015 9:49,DIET020393,HRAMADAN,SRM55N,Dietary Fibre (AOAC),PCT_M-M,16.18
6554377,4/09/2014 9:36,DIET020393,LLE,SRM55N,Dietary Fibre (AOAC),PCT_M-M,14.66
6590243,15/09/2014 16:52,DIET020393,,SRM55N,Dietary Fibre (AOAC),,
6590243,15/09/2014 16:52,DIET020393,,SRM55N,Dietary Fibre - Soluble,,
6590243,15/09/2014 16:52,DIET020393,,SRM55N,Dietary Fibre - Insoluble,,
6590243,15/09/2014 16:52,DIET020393,,SRM55N,Dietary Fibre (AOAC),,
6590243,15/09/2014 16:52,DIET020393,,SRM55N,Dietary Fibre - Soluble,,
6590243,15/09/2014 16:52,DIET020393,,SRM55N,Dietary Fibre - Insoluble,,
6590243,15/09/2014 16:52,DIET020393,,SRM55N,Dietary Fibre (AOAC),,
6607321,20/09/2014 7:50,DIET020393,MDONAL,SRM55N,Dietary Fibre (AOAC),PCT_M-M,15.84
6633261,28/09/2014 8:50,DIET020393,HRAMADAN,SRM55N,Dietary Fibre (AOAC),PCT_M-M,15.19
6685133,14/10/2014 8:32,DIET020393,KLU,SRM55N,Dietary Fibre (AOAC),PCT_M-M,16.22
6687158,14/10/2014 13:10,DIET020393,JDSOUZA,SRM55N,Dietary Fibre (AOAC),PCT_M-M,16
6754891,2/11/2014 9:19,DIET020393,HRAMADAN,SRM55N,Dietary Fibre (AOAC),PCT_M-M,16.2
6832239,25/11/2014 10:28,DIET020393,MHO,SRM55N,Dietary Fibre (AOAC),PCT_M-M,15.7
6925359,20/12/2014 9:14,DIET020393,MDONAL,SRM55N,Dietary Fibre (AOAC),PCT_M-M,16.82
6932030,22/12/2014 20:49,DIET020393,JDSOUZA,SRM55N,Dietary Fibre (AOAC),PCT_M-M,15.18
6978222,10/01/2015 8:41,DIET020393,MDONAL,SRM55N,Dietary Fibre (AOAC),PCT_M-M,16.58
6982834,12/01/2015 14:48,DIET020393,,SRM55N,Dietary Fibre (AOAC),,
6982834,12/01/2015 14:48,DIET020393,,SRM55N,Dietary Fibre - Soluble,,
6982834,12/01/2015 14:48,DIET020393,,SRM55N,Dietary Fibre - Insoluble,,
6982834,12/01/2015 14:48,DIET020393,,SRM55N,Dietary Fibre (AOAC),,
6982834,12/01/2015 14:48,DIET020393,,SRM55N,Dietary Fibre - Soluble,,
6982834,12/01/2015 14:48,DIET020393,,SRM55N,Dietary Fibre - Insoluble,,
6982834,12/01/2015 14:48,DIET020393,,SRM55N,Dietary Fibre (AOAC),,
